"hypothesis","sample","model","problem","subproblem","covariance_step_run","minimization_successful","covariance_step_successful","covariance_step_warnings","estimate_near_boundary","rounding_errors","zero_gradients","final_zero_gradients","hessian_reset","s_matrix_singular","significant_digits","condition_number","est_methods","model_run_time","subprob_est_time","subprob_cov_time","ofv","POP_V2","POP_V3","POP_Q","POP_KA","POP_CL","POP_CLCLCR","POP_CLBR","IIV_V2","IIV_CL_IIV_V2","IIV_CL","IIV_V3","IIV_KA","sigma","sePOP_V2","sePOP_V3","sePOP_Q","sePOP_KA","sePOP_CL","sePOP_CLCLCR","sePOP_CLBR","seIIV_V2","seIIV_CL_IIV_V2","seIIV_CL","seIIV_V3","seIIV_KA","sesigma","shrinkage_eta1(%)","shrinkage_eta2(%)","shrinkage_eta3(%)","shrinkage_eta4(%)","shrinkage_iwres(%)","EI1","EI2","EI3","EI4","EI5","EI6","EI7","EI8","EI9","EI10","EI11","EI12","EI13"
simulation,1,1,1,1,1,1,1,0,0,0,0,0,0,0,3,3.39287,FOCE_I,NA,197.2,244.71,-20948.219123690385,643.243,1925.23,22.6786,0.792556,19.3616,0.00133859,0.0904666,0.0399763,0.0116815,0.0374941,0.0386267,0.0197159,0.00252729,9.29727,31.1116,0.211902,0.0180491,0.165139,0.000196349,0.0107298,0.0046142,0.00272285,0.00222743,0.00634479,0.00649646,8.2827e-05,NA,NA,NA,NA,NA,0.470737,0.523499,0.680616,0.783629,0.853347,0.922571,0.958918,0.991767,1.0263,1.18332,1.45956,1.54859,1.59715
simulation,2,2,1,1,1,1,1,0,0,0,0,0,0,0,3.6,3.04365,FOCE_I,NA,195.97,251.67,-20817.137870097529,617.385,1920.44,22.874,0.716469,19.464,0.00119464,0.089381,0.0420077,0.00461137,0.0363805,0.0380439,0.0431423,0.00248676,9.39281,31.3106,0.216958,0.0189013,0.164566,0.000195411,0.0108935,0.00502703,0.00284853,0.00218213,0.00731113,0.011029,8.44837e-05,NA,NA,NA,NA,NA,0.529944,0.644235,0.683611,0.734354,0.868555,0.876124,0.932854,1.00556,1.02809,1.2517,1.34669,1.48531,1.61297
simulation,3,3,1,1,1,1,1,0,0,0,0,0,0,0,3.9,2.86945,FOCE_I,NA,191.57,256.97,-20703.489864940406,638.629,1939.84,22.7996,0.784138,19.1905,0.00126005,0.108377,0.0405051,0.00692722,0.0403731,0.0446271,0.0320948,0.00249981,9.50377,32.4788,0.221354,0.0191616,0.170928,0.000206194,0.0123331,0.00468212,0.00281071,0.0023997,0.00745256,0.00865733,8.40632e-05,NA,NA,NA,NA,NA,0.532989,0.649322,0.702029,0.757595,0.861608,0.887888,0.941846,1.01732,1.08511,1.25057,1.35234,1.43201,1.52939
simulation,4,4,1,1,1,1,1,0,0,0,0,0,0,0,3.3,3.02775,FOCE_I,NA,205.46,250.2,-20736.179091842725,616.48,1933.62,22.8502,0.734902,19.2075,0.00121999,0.101056,0.0359877,0.00815554,0.0407095,0.0346878,0.039573,0.00239128,8.82401,30.4873,0.220011,0.0182719,0.171032,0.000204087,0.0119757,0.00418182,0.00271472,0.00241441,0.0061934,0.00838903,7.89784e-05,NA,NA,NA,NA,NA,0.520683,0.614597,0.703679,0.774471,0.858746,0.876346,0.934339,0.990841,1.03457,1.25137,1.35021,1.51364,1.5765
simulation,5,5,1,1,1,1,1,0,0,0,0,0,0,0,3.3,3.01153,FOCE_I,NA,203.57,250.82,-20779.932234174430,627.881,1937.7,23.2456,0.732456,19.2874,0.00148299,0.118722,0.0427135,0.0077128,0.0391238,0.0337032,0.0377963,0.00254607,9.49825,30.8779,0.22538,0.0180777,0.16919,0.000204429,0.0126779,0.00514612,0.00287941,0.00233048,0.00671233,0.0089909,8.53085e-05,NA,NA,NA,NA,NA,0.509821,0.609237,0.711717,0.734583,0.845192,0.8701,0.953139,1.01714,1.06571,1.28754,1.38233,1.47815,1.53534
simulation,6,6,1,1,1,1,1,0,0,0,0,0,0,0,3.8,3.12538,FOCE_I,NA,216.45,253.61,-20731.340954308915,630.367,1874.18,22.7686,0.727968,19.2765,0.00125116,0.0876871,0.0403366,0.00916173,0.0357911,0.0433527,0.02431,0.00255481,9.34841,31.7098,0.220484,0.0169553,0.16103,0.000192619,0.0103706,0.00495709,0.00269502,0.00214263,0.00781028,0.00772558,8.60207e-05,NA,NA,NA,NA,NA,0.500643,0.573751,0.691068,0.726824,0.847569,0.877315,0.939287,1.01286,1.07395,1.25668,1.42953,1.50582,1.5647
simulation,7,7,1,1,1,1,1,0,0,0,0,0,0,0,3.3,2.73449,FOCE_I,NA,213.41,254.23,-20925.939932802892,631.65,1848.74,22.9514,0.751884,19.4291,0.00181175,0.0969178,0.0441059,0.00635745,0.0409781,0.0416155,0.0363607,0.00241112,9.51361,30.825,0.220275,0.0186549,0.173047,0.000212388,0.0120306,0.0050231,0.00284526,0.00241149,0.00667622,0.00860652,7.93713e-05,NA,NA,NA,NA,NA,0.547423,0.658835,0.719157,0.811197,0.858646,0.931538,0.958678,1.00235,1.06075,1.19467,1.32621,1.43362,1.49693
simulation,8,8,1,1,1,1,1,0,0,0,0,0,0,0,3.4,3.3732,FOCE_I,NA,192.56,249.67,-20875.072395284351,620.925,1884.2,23.0095,0.738309,19.6435,0.0013324,0.112581,0.0368119,0.0106366,0.0379759,0.0352445,0.0467421,0.00261738,8.9724,30.8568,0.233733,0.0193151,0.169621,0.000196764,0.0120418,0.00448829,0.0027463,0.00226335,0.00659287,0.0113851,8.69782e-05,NA,NA,NA,NA,NA,0.473104,0.52762,0.713379,0.758063,0.85336,0.881837,0.954638,1.00436,1.03472,1.24498,1.43244,1.52563,1.59588
simulation,9,9,1,1,1,1,1,0,0,0,0,0,0,0,3.5,2.82288,FOCE_I,NA,198.79,241.79,-20780.593175083421,624.572,1874.07,22.5197,0.766381,19.363,0.00124066,0.0811757,0.0360172,0.00749103,0.0418792,0.0268094,0.0292357,0.0025081,8.82178,28.5924,0.222789,0.0180519,0.17343,0.000205563,0.0110362,0.00414631,0.00276676,0.00247338,0.00646356,0.00784551,8.43187e-05,NA,NA,NA,NA,NA,0.53135,0.618705,0.692134,0.707308,0.861862,0.896267,0.955147,0.985936,1.03997,1.35817,1.40424,1.44897,1.49994
simulation,10,10,1,1,1,1,1,0,0,0,0,0,0,0,3.7,2.92485,FOCE_I,NA,195.09,248.71,-20922.674853384080,657.075,1908.23,23.1408,0.768903,19.2995,0.00149279,0.0802861,0.0331987,0.00781903,0.0365596,0.0417197,0.0331238,0.0024145,9.06485,31.3596,0.235699,0.0188773,0.163545,0.000196171,0.010946,0.00401467,0.00262491,0.00217917,0.00696717,0.00797202,7.98404e-05,NA,NA,NA,NA,NA,0.525112,0.594815,0.701747,0.774529,0.843038,0.884794,0.961977,0.999092,1.05661,1.23613,1.43209,1.45418,1.53587
simulation,11,11,1,1,1,1,1,0,0,0,0,0,0,0,3.2,2.70244,FOCE_I,NA,201.55,250.78,-20798.712064976280,637.646,1888.25,23.0528,0.774698,19.5627,0.00132876,0.0910482,0.0439528,0.00547939,0.0395611,0.0408257,0.0363203,0.00258975,9.69817,31.8293,0.23595,0.0196588,0.172033,0.000205648,0.0116024,0.00508995,0.00289178,0.00234505,0.00681358,0.00955641,8.61639e-05,NA,NA,NA,NA,NA,0.554814,0.657073,0.698809,0.770693,0.866055,0.914276,0.953942,1.00919,1.07032,1.22852,1.33812,1.43883,1.49935
simulation,12,12,1,1,1,1,1,0,0,0,0,0,0,0,3.6,2.73603,FOCE_I,NA,198.18,257.07,-20744.810447487027,621.931,1958.82,22.8131,0.762102,19.0938,0.00144881,0.104505,0.035378,0.00365312,0.0387439,0.0587837,0.0459558,0.00251391,8.95997,34.5595,0.209888,0.0201669,0.166977,0.000205556,0.012117,0.0043314,0.00274002,0.00232032,0.00806949,0.0113105,8.37203e-05,NA,NA,NA,NA,NA,0.542015,0.677257,0.700215,0.792022,0.881709,0.917215,0.949628,1.01623,1.11899,1.18797,1.29732,1.43647,1.48297
simulation,13,13,1,1,1,1,1,0,0,0,0,0,0,0,3,2.88692,FOCE_I,NA,194.77,258.2,-21032.625393452599,631.104,1903.18,22.9232,0.731154,19.4048,0.00145444,0.0893479,0.0354609,0.00616058,0.0378205,0.0406045,0.0162155,0.00241343,8.79634,31.4262,0.229027,0.0151297,0.166842,0.000202337,0.0114375,0.00420387,0.00264626,0.00225062,0.00691071,0.00570251,8.05525e-05,NA,NA,NA,NA,NA,0.528982,0.630545,0.690334,0.75904,0.856332,0.867435,0.944722,0.996627,1.05043,1.28917,1.37326,1.486,1.52713
simulation,14,14,1,1,1,1,1,0,0,0,0,0,0,0,3.8,2.77822,FOCE_I,NA,189.15,257.32,-20981.574820298454,628.708,1913.66,22.6538,0.779989,19.427,0.00137194,0.11699,0.043818,0.00436699,0.0372854,0.0318782,0.0471514,0.00252117,9.60304,30.0871,0.214421,0.0211898,0.166463,0.000200213,0.0122394,0.00499623,0.0028694,0.00223241,0.00681214,0.0102707,8.46114e-05,NA,NA,NA,NA,NA,0.542539,0.673482,0.701491,0.739303,0.858139,0.884392,0.963782,1.00629,1.05037,1.27096,1.31558,1.48638,1.50729
simulation,15,15,1,1,1,1,1,0,0,0,0,0,0,0,3.5,2.89104,FOCE_I,NA,186.2,245.91,-20824.843314760885,644.672,1918.71,22.9833,0.74655,19.1315,0.00132904,0.086316,0.0352853,0.00580406,0.0400395,0.0310647,0.0381677,0.00248085,9.19933,29.6665,0.218635,0.0190379,0.168504,0.000202089,0.011203,0.00448939,0.00275001,0.00238037,0.00659174,0.00993718,8.28688e-05,NA,NA,NA,NA,NA,0.531024,0.633419,0.697161,0.75651,0.853616,0.867338,0.948739,0.995232,1.11071,1.26414,1.32267,1.48422,1.53521
simulation,16,16,1,1,1,1,1,0,0,0,0,0,0,0,3.3,2.92342,FOCE_I,NA,207.98,253.3,-20809.088510889418,641.303,1877.18,22.9939,0.776222,19.2576,0.00135459,0.104438,0.0327537,0.00622053,0.0381758,0.0373109,0.0646878,0.00246195,9.02292,30.4758,0.228568,0.022652,0.16734,0.000204044,0.0122619,0.00438954,0.00274513,0.00228412,0.00669727,0.0148883,8.20696e-05,NA,NA,NA,NA,NA,0.525947,0.595471,0.70389,0.745756,0.845789,0.858441,0.93949,0.995408,1.14174,1.22928,1.38293,1.49829,1.53757
simulation,17,17,1,1,1,1,1,0,0,0,0,0,0,0,3.5,2.93492,FOCE_I,NA,197.5,250.95,-20835.399509732772,640.12,1937.91,22.7442,0.732415,19.3041,0.00146558,0.0844176,0.0325538,0.00714736,0.0394801,0.0357787,0.0520421,0.00252751,9.01628,31.045,0.22598,0.019936,0.168753,0.000204894,0.0109821,0.00416065,0.00278645,0.00234794,0.0069729,0.0114146,8.53007e-05,NA,NA,NA,NA,NA,0.520499,0.598774,0.699805,0.723077,0.87056,0.880351,0.948898,0.998279,1.06958,1.28016,1.40375,1.47864,1.52762
simulation,18,18,1,1,1,1,1,0,0,0,0,0,0,0,3.7,2.73914,FOCE_I,NA,189.14,250.41,-20836.617167234963,636.915,1912.67,22.6444,0.777639,19.3466,0.00117611,0.0926265,0.036059,0.00471253,0.0381836,0.0290909,0.0518545,0.0024285,9.08378,29.3384,0.213809,0.0210894,0.167025,0.000199889,0.0113153,0.004496,0.00267459,0.00226559,0.00592852,0.0114893,8.025e-05,NA,NA,NA,NA,NA,0.551466,0.648844,0.703065,0.773006,0.857291,0.895947,0.943609,0.994912,1.0986,1.24023,1.34071,1.44179,1.51054
simulation,19,19,1,1,1,1,1,0,0,0,0,0,0,0,3.3,2.74953,FOCE_I,NA,214.23,264.74,-20812.061727966422,638.413,1916.32,22.973,0.746435,19.5021,0.00133728,0.0918429,0.0420582,0.00561244,0.0381537,0.0541038,0.0572235,0.00241867,9.65972,33.6363,0.219707,0.0207657,0.168869,0.000199973,0.011554,0.00492405,0.00286344,0.00228022,0.0087376,0.0117779,8.19314e-05,NA,NA,NA,NA,NA,0.542642,0.661539,0.712865,0.755522,0.86295,0.907665,0.945614,1.00172,1.07684,1.27754,1.33886,1.42424,1.49201
simulation,20,20,1,1,1,1,1,0,0,0,0,0,0,0,4.1,3.03763,FOCE_I,NA,195.27,252.85,-20852.692728099402,635.622,1925.24,22.6847,0.782704,19.354,0.00116524,0.0867614,0.0414861,0.0101804,0.0398401,0.0385046,0.0336481,0.00247279,9.40518,31.6133,0.223048,0.0190751,0.170464,0.000201117,0.0111273,0.00477425,0.00288478,0.00236666,0.00645296,0.00908131,8.18865e-05,NA,NA,NA,NA,NA,0.50631,0.592001,0.719087,0.76466,0.835984,0.877161,0.961468,1.00104,1.09485,1.2503,1.39771,1.46145,1.53798
simulation,21,21,1,1,1,1,1,0,0,0,0,0,0,0,3.4,3.07448,FOCE_I,NA,195.31,247.57,-20843.463000513319,619.469,1950.61,22.9311,0.762415,19.0728,0.00101848,0.0914366,0.0378183,0.00888187,0.0402853,0.0322222,0.0236035,0.00246823,8.8256,29.8016,0.216501,0.0169402,0.169689,0.000202095,0.0120866,0.00430645,0.00287808,0.00238182,0.00585937,0.00606309,8.11634e-05,NA,NA,NA,NA,NA,0.49532,0.601984,0.713196,0.779887,0.859719,0.917454,0.973111,1.00418,1.02672,1.21651,1.41342,1.47565,1.52285
simulation,22,22,1,1,1,1,1,0,0,0,0,0,0,0,3.4,3.45568,FOCE_I,NA,190.41,244.39,-20751.236483280376,628.534,1921.12,22.6932,0.735124,19.2336,0.00141943,0.104589,0.0297285,0.0111941,0.0436293,0.0270058,0.0277359,0.00263274,8.40869,29.5062,0.215025,0.0172673,0.176226,0.000210428,0.012229,0.00386327,0.00279119,0.00257784,0.00565745,0.00784925,8.60651e-05,NA,NA,NA,NA,NA,0.464266,0.529328,0.708971,0.750503,0.838197,0.868659,0.972985,1.00082,1.07533,1.22274,1.4483,1.51555,1.60435
simulation,23,23,1,1,1,1,1,0,0,0,0,0,0,0,3.2,3.0285,FOCE_I,NA,206.98,249.64,-20906.596748145595,631.404,1934.61,22.9142,0.746748,19.3245,0.00121568,0.107783,0.0319615,0.00738407,0.0408214,0.0304899,0.0421431,0.00254973,8.72113,29.8982,0.224623,0.0191981,0.172605,0.000205964,0.0124064,0.00393105,0.00249519,0.00240027,0.0062098,0.00901101,8.39992e-05,NA,NA,NA,NA,NA,0.504496,0.617011,0.69244,0.773113,0.852712,0.922309,0.953641,0.981279,1.07088,1.22944,1.37192,1.5029,1.52787
simulation,24,24,1,1,1,1,1,0,0,0,0,0,0,0,3.4,2.88164,FOCE_I,NA,187.51,257.29,-20686.084727628357,615.368,1901.56,23.0426,0.734228,19.1813,0.00142539,0.0851304,0.0424939,0.00616087,0.040898,0.0527543,0.027524,0.00241678,9.23416,32.8451,0.222971,0.0172665,0.171127,0.000208317,0.011442,0.00491107,0.00295277,0.00245299,0.0080359,0.00757787,8.0797e-05,NA,NA,NA,NA,NA,0.543371,0.649001,0.684683,0.764121,0.862039,0.90361,0.931902,1.01608,1.0374,1.21934,1.33289,1.48977,1.5658
simulation,25,25,1,1,1,1,1,0,0,0,0,0,0,0,3.7,2.72737,FOCE_I,NA,182.48,247.11,-20594.450310802444,644.185,1918.57,22.5136,0.730305,19.2041,0.00120767,0.0973588,0.0384783,0.00294067,0.0401747,0.039429,0.0321929,0.002553,9.43778,31.6011,0.22426,0.0178098,0.171448,0.00020485,0.0123283,0.00465678,0.00302045,0.00240083,0.00698047,0.00943771,8.4908e-05,NA,NA,NA,NA,NA,0.561603,0.672202,0.689033,0.774708,0.842678,0.916156,0.943386,1.00423,1.0693,1.26959,1.28645,1.43897,1.5317
simulation,26,26,1,1,1,1,1,0,0,0,0,0,0,0,3.2,2.87748,FOCE_I,NA,207.38,256.58,-20874.355170446714,619.941,1939.5,22.9197,0.754936,19.2164,0.00116343,0.100042,0.0395857,0.00812645,0.0391484,0.039484,0.0320268,0.00238425,8.99062,30.9359,0.209397,0.0180195,0.168539,0.000200101,0.0120066,0.00474933,0.00284298,0.00234103,0.00720637,0.00818849,8.05442e-05,NA,NA,NA,NA,NA,0.52707,0.581562,0.71381,0.733361,0.856001,0.909514,0.964339,1.00397,1.04872,1.25613,1.40699,1.4819,1.51663
simulation,27,27,1,1,1,1,1,0,0,0,0,0,0,0,3.1,2.90244,FOCE_I,NA,194.23,253.48,-20900.512189770201,625.02,1920.57,22.8815,0.709136,19.3015,0.00123885,0.0859541,0.04389,0.00787177,0.0379737,0.0435462,0.029358,0.00237001,9.42809,31.6369,0.210418,0.0162335,0.166674,0.000200484,0.0112477,0.00507497,0.00285531,0.0022572,0.00736801,0.00793297,7.96649e-05,NA,NA,NA,NA,NA,0.52667,0.622059,0.715165,0.756053,0.846763,0.906976,0.975122,0.996629,1.05969,1.24566,1.40308,1.41751,1.52863
simulation,28,28,1,1,1,1,1,0,0,0,0,0,0,0,3.4,3.52392,FOCE_I,NA,193.14,252.11,-20818.569625432763,626.854,1925.53,23.1913,0.730456,19.5592,0.00120241,0.089611,0.0400717,0.0119956,0.039528,0.0398274,0.0425621,0.00251097,9.29381,31.7593,0.222214,0.0188464,0.171668,0.000200488,0.0112798,0.00486367,0.00296561,0.00234208,0.00715697,0.00977399,8.44131e-05,NA,NA,NA,NA,NA,0.457944,0.516498,0.720793,0.738721,0.864842,0.873851,0.955527,1.01573,1.03536,1.25862,1.44272,1.50563,1.61376
simulation,29,29,1,1,1,1,1,0,0,0,0,0,0,0,3.2,3.04594,FOCE_I,NA,196.29,248.12,-20925.486777586833,621.828,1888.3,23.0233,0.74493,19.4054,0.00152014,0.100661,0.041598,0.00747636,0.0370851,0.0371966,0.0505199,0.00246838,9.37134,30.6131,0.222134,0.019931,0.166167,0.000199422,0.0119396,0.00485883,0.00287034,0.00220708,0.00642369,0.011117,8.19981e-05,NA,NA,NA,NA,NA,0.502973,0.627954,0.710905,0.777617,0.849353,0.904442,0.964099,1.00921,1.06042,1.22422,1.38834,1.44844,1.53203
simulation,30,30,1,1,1,1,1,0,0,0,0,0,0,0,3.5,3.67017,FOCE_I,NA,192.05,240.8,-20909.971202987876,613.349,1940.4,22.776,0.784279,19.2754,0.00170269,0.101537,0.0379491,0.0119316,0.038717,0.031256,0.0212294,0.0025389,8.67036,30.5199,0.220509,0.0173755,0.167904,0.000202238,0.0120363,0.00439842,0.00281701,0.00229592,0.00637,0.0069058,8.41223e-05,NA,NA,NA,NA,NA,0.447488,0.51394,0.71496,0.732004,0.846922,0.848593,0.971703,0.981292,1.02355,1.32281,1.40854,1.54585,1.64236
simulation,31,31,1,1,1,1,1,0,0,0,0,0,0,0,3.2,2.84916,FOCE_I,NA,179.34,243.01,-20685.049919609155,640.046,2007.74,22.5982,0.755044,19.2318,0.00106378,0.105815,0.0340189,0.00680587,0.0427574,0.0297581,0.0445354,0.00263967,9.07439,31.1504,0.212609,0.0199694,0.175737,0.000209176,0.0123429,0.004212,0.00290428,0.00253697,0.00593212,0.00997734,8.70677e-05,NA,NA,NA,NA,NA,0.529795,0.631753,0.693575,0.760572,0.865166,0.892909,0.968452,0.989706,1.08201,1.22176,1.37596,1.47888,1.50947
simulation,32,32,1,1,1,1,1,0,0,0,0,0,0,0,3.3,3.04437,FOCE_I,NA,211.16,266.85,-20918.052236854059,633.367,1935.97,22.6614,0.723663,19.4994,0.00141677,0.105409,0.0367218,0.00850408,0.0376108,0.0503933,0.0419012,0.00250451,9.07305,33.4885,0.214668,0.0181697,0.168372,0.000200368,0.0122225,0.00444083,0.0026923,0.00223628,0.00803572,0.00994121,8.31471e-05,NA,NA,NA,NA,NA,0.508255,0.572082,0.707186,0.774768,0.855344,0.90724,0.960863,0.978645,1.08898,1.2022,1.41615,1.48097,1.54732
simulation,33,33,1,1,1,1,1,0,0,0,0,0,0,0,3.2,3.09842,FOCE_I,NA,203.48,262.73,-20807.609813849929,617.98,1901.09,22.7596,0.776801,19.5541,0.00127443,0.0780047,0.036554,0.00850233,0.0349908,0.0525759,0.0259438,0.00256151,8.73367,33.7965,0.225706,0.0182188,0.162299,0.000191035,0.0102861,0.00445815,0.00267839,0.00211768,0.00852988,0.00892883,8.71743e-05,NA,NA,NA,NA,NA,0.515438,0.547381,0.689573,0.717732,0.834174,0.883525,0.969856,1.01706,1.04229,1.2644,1.41081,1.51073,1.59704
simulation,34,34,1,1,1,1,1,0,0,0,0,0,0,0,3.1,4.13832,FOCE_I,NA,196.63,247.54,-20872.379305329629,622.06,1929.48,23.1272,0.775633,19.4251,0.00119817,0.104902,0.0425686,0.0152034,0.0409822,0.0329719,0.0330911,0.00247302,9.10288,30.0172,0.222015,0.0188246,0.173113,0.000197942,0.0118177,0.00482443,0.00296748,0.00243607,0.00621757,0.00878644,8.18236e-05,NA,NA,NA,NA,NA,0.415081,0.493758,0.73272,0.760399,0.84299,0.857141,0.978099,0.984105,1.05844,1.24026,1.38654,1.53272,1.71774
simulation,35,35,1,1,1,1,1,0,0,0,0,0,0,0,3.3,3.0199,FOCE_I,NA,190.37,252.46,-20973.877593319354,630.256,1970.49,22.7251,0.771853,19.1634,0.00129893,0.110373,0.0344188,0.00851547,0.0386005,0.0478531,0.0358085,0.00235279,8.79493,32.5185,0.209282,0.0187411,0.167132,0.000200333,0.0122034,0.00421487,0.00265183,0.00229158,0.00733934,0.00884365,7.91371e-05,NA,NA,NA,NA,NA,0.508756,0.580526,0.716489,0.764119,0.841995,0.919036,0.960176,1.01113,1.02575,1.22402,1.42077,1.49084,1.53639
simulation,36,36,1,1,1,1,1,0,0,0,0,0,0,0,3.6,2.87354,FOCE_I,NA,201.55,244.87,-20641.625496391018,637.186,1937.53,22.7303,0.779344,19.1257,0.00134466,0.101995,0.0362907,0.00535719,0.0380053,0.0329808,0.0348026,0.00260515,9.18712,31.0353,0.21986,0.0198399,0.16576,0.000199671,0.0120724,0.00450736,0.00280575,0.00226713,0.00670356,0.0090632,8.72983e-05,NA,NA,NA,NA,NA,0.536073,0.619864,0.694332,0.726579,0.870211,0.879457,0.944243,0.990528,1.06183,1.2726,1.36589,1.49797,1.54042
simulation,37,37,1,1,1,1,1,0,0,0,0,0,0,0,3.3,2.90261,FOCE_I,NA,208.77,252.81,-20870.888117778995,641.657,1852.49,22.6218,0.747065,19.3699,0.000933136,0.107473,0.042846,0.00730337,0.0387108,0.0361751,0.0364019,0.00238216,9.60633,29.8371,0.217349,0.0186043,0.168791,0.000196018,0.011981,0.00487635,0.00280183,0.00229314,0.00750536,0.0091543,8.09905e-05,NA,NA,NA,NA,NA,0.522748,0.625951,0.694143,0.713215,0.851388,0.914981,0.957283,0.993267,1.06685,1.30392,1.40647,1.43245,1.51733
simulation,38,38,1,1,1,1,1,0,0,0,0,0,0,0,3.4,2.85779,FOCE_I,NA,198.34,253.76,-20806.018573812471,629.796,1896.69,22.7191,0.736775,19.4619,0.00100473,0.0998814,0.0387148,0.00619312,0.0375459,0.0317837,0.0385296,0.00256664,9.25673,30.189,0.231354,0.0183975,0.167531,0.000195806,0.0115146,0.00474686,0.00289818,0.00224701,0.00656589,0.00962674,8.583e-05,NA,NA,NA,NA,NA,0.531946,0.624287,0.702647,0.745629,0.849384,0.902238,0.938465,1.007,1.04271,1.2636,1.40117,1.47073,1.52019
simulation,39,39,1,1,1,1,1,0,0,0,0,0,0,0,3.2,2.82642,FOCE_I,NA,194.89,251.1,-20992.128360643590,628.281,1918.16,22.8303,0.730185,19.3324,0.0015378,0.10711,0.0409469,0.00673993,0.0370339,0.0360406,0.0275753,0.00241858,9.24022,30.3587,0.220183,0.0166925,0.164533,0.000199674,0.0116445,0.00471418,0.00273198,0.00220906,0.00681584,0.00712357,8.04502e-05,NA,NA,NA,NA,NA,0.531303,0.627067,0.696954,0.762554,0.85409,0.929941,0.960017,0.988723,1.05915,1.24758,1.4028,1.43814,1.50168
simulation,40,40,1,1,1,1,1,0,0,0,0,0,0,0,3.3,3.64393,FOCE_I,NA,215.16,254.09,-20907.277928785985,628.28,1894.29,23.0687,0.73042,19.2529,0.00151491,0.111124,0.0406598,0.0104369,0.0386517,0.0361387,0.042686,0.00243407,9.42793,30.5211,0.211568,0.0192974,0.167117,0.000199949,0.012007,0.00494091,0.00274559,0.00228551,0.00630707,0.0106825,8.04188e-05,NA,NA,NA,NA,NA,0.460941,0.557271,0.704771,0.749676,0.849128,0.861467,0.946,0.979717,1.04814,1.20971,1.42196,1.53158,1.67964
simulation,41,41,1,1,1,1,1,0,0,0,0,0,0,0,3.7,3.1674,FOCE_I,NA,193.88,248.22,-20845.656266064281,623.648,1865.96,22.9893,0.737899,19.234,0.00119287,0.0973879,0.0371698,0.0103736,0.0389149,0.0322518,0.0385448,0.00241972,8.92598,29.0276,0.22034,0.0184046,0.16748,0.000196483,0.0114991,0.00444456,0.00286541,0.00233044,0.00636397,0.00914859,8.04544e-05,NA,NA,NA,NA,NA,0.490953,0.549062,0.714674,0.747157,0.836049,0.873728,0.959322,1.00119,1.06936,1.25698,1.40849,1.53798,1.55504
simulation,42,42,1,1,1,1,1,0,0,0,0,0,0,0,3.4,3.2,FOCE_I,NA,207.25,253.14,-20693.857097142576,635.047,1870.4,23.2646,0.740845,19.1501,0.00154539,0.091731,0.0425551,0.00982952,0.0366614,0.0357789,0.0502293,0.00253737,9.6997,30.1201,0.225455,0.0202193,0.163671,0.000197179,0.0119977,0.00523984,0.00283881,0.00218955,0.00628627,0.0124736,8.44675e-05,NA,NA,NA,NA,NA,0.493241,0.542655,0.717684,0.756107,0.832426,0.900101,0.953517,1.00843,1.04649,1.22209,1.40771,1.54118,1.57837
simulation,43,43,1,1,1,1,1,0,0,0,0,0,0,0,3.6,2.88302,FOCE_I,NA,210.8,256.09,-20538.591896562943,635.319,1909.36,22.5566,0.736176,19.2289,0.00138693,0.109052,0.038769,0.00663722,0.0415839,0.0440164,0.0430671,0.00270596,9.56246,32.6026,0.228023,0.0194599,0.174122,0.000212195,0.0126321,0.00487811,0.00307511,0.00248664,0.00810787,0.0121789,9.14772e-05,NA,NA,NA,NA,NA,0.532446,0.620159,0.703024,0.727441,0.849031,0.868835,0.938303,1.00145,1.12185,1.27964,1.33623,1.48653,1.53506
simulation,44,44,1,1,1,1,1,0,0,0,0,0,0,0,3.3,2.78937,FOCE_I,NA,197.91,251.25,-20860.432486721489,620.297,1952.01,22.651,0.732111,19.438,0.000905673,0.101407,0.0390001,0.00404439,0.0372303,0.0418522,0.0361864,0.00249551,9.13871,32.144,0.21574,0.0179909,0.167003,0.000193512,0.0116276,0.00454198,0.00264903,0.00222114,0.00716268,0.00877942,8.33527e-05,NA,NA,NA,NA,NA,0.541358,0.679604,0.709186,0.776672,0.857303,0.920492,0.96196,1.00356,1.06567,1.2301,1.27839,1.46566,1.51005
simulation,45,45,1,1,1,1,1,0,0,0,0,0,0,0,3.7,2.8649,FOCE_I,NA,207.42,254.65,-20694.198052682583,642.604,1963.18,23.0129,0.740688,18.8734,0.00136541,0.11079,0.0482833,0.0068027,0.0356284,0.0401375,0.0410363,0.00255561,10.2335,31.8318,0.221222,0.0193716,0.159054,0.000193131,0.0117417,0.00568316,0.00288098,0.00214403,0.00708843,0.0102522,8.60238e-05,NA,NA,NA,NA,NA,0.531077,0.617141,0.707258,0.747325,0.855962,0.925807,0.959533,0.9933,1.06354,1.2503,1.39949,1.42779,1.52148
simulation,46,46,1,1,1,1,1,0,0,0,0,0,0,0,3.4,2.91382,FOCE_I,NA,194.8,251.03,-20932.423914177489,627.754,1880.19,22.9963,0.772295,19.4266,0.00145073,0.111215,0.0306303,0.00612732,0.0374146,0.0453761,0.0376841,0.00242746,8.47257,31.3749,0.225669,0.0192598,0.166001,0.000198216,0.0119132,0.00378215,0.00252051,0.00222078,0.0073933,0.00856317,8.06242e-05,NA,NA,NA,NA,NA,0.51932,0.636936,0.708486,0.781267,0.861323,0.912828,0.936406,1.01307,1.05156,1.21595,1.39842,1.45123,1.5132
simulation,47,47,1,1,1,1,1,0,0,0,0,0,0,0,3.1,3.35372,FOCE_I,NA,198.81,253.6,-20791.844123179188,636.621,1910.68,22.822,0.754649,19.287,0.00128904,0.103606,0.0390011,0.011033,0.0378092,0.0329259,0.0266012,0.00257565,9.24149,30.2006,0.230489,0.0178073,0.166074,0.000196571,0.011718,0.00453455,0.00264824,0.00223257,0.00679076,0.00760411,8.56659e-05,NA,NA,NA,NA,NA,0.472574,0.538267,0.708331,0.727063,0.849361,0.873803,0.946349,1.00804,1.05512,1.27475,1.42916,1.53231,1.58488
simulation,48,48,1,1,1,1,1,0,0,0,0,0,0,0,3.5,2.9346,FOCE_I,NA,213.57,252.23,-20788.133564763677,628.147,1900.14,23.1407,0.766966,19.1177,0.00144931,0.0947796,0.0314788,0.00561265,0.0369215,0.0417743,0.0543016,0.00243549,8.70405,31.0413,0.22362,0.0213177,0.162399,0.000197421,0.0112864,0.00429058,0.00245594,0.00219893,0.00698306,0.0128511,8.1419e-05,NA,NA,NA,NA,NA,0.524887,0.619475,0.696661,0.760689,0.863771,0.88341,0.940981,1.00276,1.12662,1.2236,1.3402,1.47662,1.54033
simulation,49,49,1,1,1,1,1,0,0,0,0,0,0,0,5.3,3.01847,FOCE_I,NA,209.51,246.27,-20856.452339071133,626.227,1950.13,23.0313,0.751504,19.2441,0.00151419,0.0870502,0.0327052,0.00753937,0.0381336,0.0322247,0.0514569,0.00242729,8.78114,29.9507,0.21684,0.0201631,0.166317,0.000201235,0.0114614,0.00430389,0.00253481,0.0022552,0.00595188,0.0117523,8.07602e-05,NA,NA,NA,NA,NA,0.511389,0.597764,0.7055,0.740439,0.850845,0.861661,0.945441,1.00033,1.12173,1.24071,1.38614,1.49443,1.54361
simulation,50,50,1,1,1,1,1,0,0,0,0,0,0,0,3.5,3.11531,FOCE_I,NA,191.85,254.04,-20682.021105310469,630.664,1937.79,22.6972,0.73378,19.3094,0.00121064,0.0997425,0.0484677,0.0121237,0.0412951,0.0458229,0.0540566,0.00251378,10.0189,32.7431,0.224545,0.0202187,0.174036,0.000207231,0.0120105,0.00584151,0.00312008,0.00246669,0.00809755,0.0124043,8.53745e-05,NA,NA,NA,NA,NA,0.488889,0.542719,0.700163,0.734714,0.866728,0.882602,0.96059,0.994549,1.10609,1.26231,1.42737,1.51023,1.52304
simulation,51,51,1,1,1,1,1,0,0,0,0,0,0,0,3,2.86681,FOCE_I,NA,186.59,246.7,-20954.001567215731,638.387,1937.23,22.7579,0.771589,19.4194,0.00108183,0.101596,0.0267719,0.00557739,0.0386711,0.0369511,0.035967,0.00247021,8.32886,30.6544,0.21805,0.0190535,0.169201,0.000197092,0.0121976,0.00367224,0.00240131,0.00229297,0.00686341,0.00905037,8.27631e-05,NA,NA,NA,NA,NA,0.527779,0.622224,0.686088,0.742744,0.87006,0.886205,0.943479,1.00955,1.11418,1.25544,1.35539,1.47383,1.51304
simulation,52,52,1,1,1,1,1,0,0,0,0,0,0,0,3.1,2.7893,FOCE_I,NA,198.44,260.06,-20776.998114213031,632.225,1829.77,22.6998,0.735554,19.547,0.00122967,0.0772598,0.0380053,0.00526419,0.0419978,0.0516402,0.0400102,0.00253549,9.276,32.5835,0.218419,0.0185641,0.176952,0.000211125,0.01169,0.00451191,0.0029861,0.00248282,0.00812597,0.0095596,8.45472e-05,NA,NA,NA,NA,NA,0.538028,0.669501,0.700368,0.775272,0.871327,0.912006,0.937767,1.01275,1.0763,1.23808,1.3347,1.43319,1.50072
simulation,53,53,1,1,1,1,1,0,0,0,0,0,0,0,3.4,3.1624,FOCE_I,NA,194.89,246.6,-20711.924204796134,615.879,1909.16,23.1305,0.73242,19.3294,0.00129099,0.110578,0.036735,0.0109295,0.0412927,0.0363599,0.0405776,0.00258273,8.90652,30.8723,0.226258,0.0186737,0.173838,0.000204928,0.0126002,0.00436638,0.00273592,0.002449,0.0064469,0.0099868,8.49066e-05,NA,NA,NA,NA,NA,0.486431,0.545789,0.700014,0.770407,0.84885,0.912326,0.957377,0.99746,1.06862,1.22614,1.42941,1.51889,1.53829
simulation,54,54,1,1,1,1,1,0,0,0,0,0,0,0,3.6,3.40629,FOCE_I,NA,200.84,253.21,-21032.822669803085,657.084,1953,22.7432,0.757321,19.5474,0.00125978,0.0884155,0.0327045,0.010776,0.0374903,0.0451696,0.0505182,0.00241772,9.02964,32.6903,0.216918,0.0203611,0.166758,0.000193928,0.0106804,0.00417294,0.00260392,0.00223087,0.0073725,0.0110011,8.05722e-05,NA,NA,NA,NA,NA,0.46982,0.527769,0.724519,0.772134,0.851244,0.881105,0.96792,1.01118,1.04855,1.2101,1.42084,1.51448,1.60034
simulation,55,55,1,1,1,1,1,0,0,0,0,0,0,0,3.2,3.0999,FOCE_I,NA,203.67,256.25,-20832.712436695372,621.599,1898.15,22.7496,0.744854,19.5364,0.00142562,0.075666,0.0403232,0.00924516,0.040479,0.0413813,0.0383492,0.00246923,9.17276,31.352,0.217644,0.0184557,0.173219,0.000204737,0.0111294,0.00464122,0.00290942,0.00240147,0.0076545,0.00961417,8.34818e-05,NA,NA,NA,NA,NA,0.495186,0.598646,0.71993,0.728524,0.850273,0.897361,0.945245,1.01766,1.03543,1.29426,1.39461,1.48785,1.53503
simulation,56,56,1,1,1,1,1,0,0,0,0,0,0,0,3.3,3.15098,FOCE_I,NA,202.18,248.09,-20774.530000048304,642.055,1926.84,22.977,0.743275,19.2189,0.00145111,0.0835036,0.0326794,0.0104403,0.0430794,0.0383405,0.0402559,0.00244253,8.86234,31.0871,0.220859,0.0187741,0.175397,0.000209552,0.0116102,0.00412957,0.00290134,0.0025484,0.00692663,0.00919354,8.11909e-05,NA,NA,NA,NA,NA,0.499911,0.54198,0.719767,0.762165,0.856045,0.892156,0.958532,0.994532,1.04457,1.22727,1.40818,1.51969,1.57521
simulation,57,57,1,1,1,1,1,0,0,0,0,0,0,0,3.6,3.01824,FOCE_I,NA,187.54,248.12,-21053.900882732643,625.279,1943.81,23.0135,0.765841,19.2611,0.00123605,0.0985166,0.0305607,0.0072921,0.036917,0.0265329,0.0365365,0.00241447,8.3376,28.7325,0.216477,0.0188073,0.16355,0.000195525,0.0113239,0.0038282,0.00251575,0.00218381,0.00551033,0.00887387,7.99527e-05,NA,NA,NA,NA,NA,0.511008,0.597756,0.702709,0.748108,0.853793,0.880251,0.956129,1.00678,1.06873,1.24681,1.43211,1.45346,1.54235
simulation,58,58,1,1,1,1,1,0,0,0,0,0,0,0,3.3,3.08359,FOCE_I,NA,200.29,255.84,-21121.165451900437,639.912,1930.82,23.0818,0.766566,19.381,0.0012041,0.112381,0.0350253,0.00898877,0.0402938,0.0409509,0.0214686,0.00237553,8.931,31.0574,0.212345,0.0166612,0.171548,0.000203839,0.0121194,0.00415431,0.00274742,0.00238094,0.00691772,0.00617725,7.86261e-05,NA,NA,NA,NA,NA,0.497853,0.590767,0.707106,0.769133,0.855817,0.918039,0.975501,0.987616,1.05952,1.19863,1.40707,1.49778,1.53517
simulation,59,59,1,1,1,1,1,0,0,0,0,0,0,0,3.3,2.86952,FOCE_I,NA,194.55,249.42,-20566.753758694707,646.903,1906.17,22.7693,0.782696,19.1317,0.00122303,0.0878249,0.0405187,0.00786421,0.0443854,0.0358834,0.0322718,0.00265263,9.62605,30.8537,0.231371,0.0194787,0.17832,0.000215726,0.012522,0.00500145,0.00305791,0.00263257,0.00682418,0.010058,8.79725e-05,NA,NA,NA,NA,NA,0.527695,0.617251,0.70016,0.75874,0.862607,0.891396,0.963721,0.986376,1.08236,1.23999,1.40444,1.45103,1.51423
simulation,60,60,1,1,1,1,1,0,0,0,0,0,0,0,3.3,2.99163,FOCE_I,NA,195.95,255.76,-20541.550234368264,615.081,1880.74,23.3207,0.722454,19.2106,0.00122457,0.104237,0.0294113,0.00590819,0.0426569,0.0341003,0.0669414,0.00266867,8.57316,30.4536,0.233818,0.0210314,0.175154,0.000208032,0.0125637,0.00379817,0.00287402,0.00252863,0.00655209,0.0124422,8.84632e-05,NA,NA,NA,NA,NA,0.512716,0.63455,0.68779,0.775266,0.862679,0.914348,0.935961,1.00322,1.01579,1.22737,1.40059,1.49587,1.53386
simulation,61,61,1,1,1,1,1,0,0,0,0,0,0,0,3.9,3.13604,FOCE_I,NA,202.28,253.79,-20913.553829649543,636.547,1967.71,22.708,0.732426,19.215,0.00123306,0.0983878,0.0450757,0.00973941,0.0403064,0.0310472,0.0356553,0.00241912,9.65366,29.9642,0.21638,0.0178885,0.171232,0.000203546,0.0123566,0.00511542,0.00303253,0.00240235,0.00628312,0.00922466,8.11727e-05,NA,NA,NA,NA,NA,0.498634,0.587006,0.701063,0.743196,0.841216,0.889701,0.968519,0.989477,1.07605,1.27454,1.3947,1.47217,1.56374
simulation,62,62,1,1,1,1,1,0,0,0,0,0,0,0,3.6,2.85727,FOCE_I,NA,227.64,257.59,-20805.714834286406,624.926,1882.97,22.848,0.722579,19.592,0.00115694,0.088521,0.0395179,0.00814722,0.0423144,0.0417968,0.0369245,0.00249972,9.1909,31.2072,0.223487,0.0178533,0.178179,0.000209155,0.0121027,0.00475406,0.00292728,0.00252072,0.00685466,0.00921081,8.3086e-05,NA,NA,NA,NA,NA,0.527524,0.624163,0.704284,0.765882,0.857663,0.912206,0.949985,1.00676,1.08421,1.22058,1.39648,1.44299,1.50728
simulation,63,63,1,1,1,1,1,0,0,0,0,0,0,0,3.2,3.19322,FOCE_I,NA,189.8,243.25,-20865.994156221463,616.385,1869.63,23.0558,0.722096,19.4886,0.00152932,0.0896947,0.0349815,0.010011,0.0400391,0.0207119,0.0368945,0.00258384,8.69039,28.0098,0.232736,0.0176925,0.171381,0.000206489,0.0112923,0.0040662,0.00285006,0.00238355,0.00603941,0.00867809,8.67779e-05,NA,NA,NA,NA,NA,0.490981,0.536924,0.666818,0.706584,0.841625,0.877528,0.95664,0.978772,1.00905,1.31692,1.50591,1.54443,1.56781
simulation,64,64,1,1,1,1,1,0,0,0,0,0,0,0,4,2.72865,FOCE_I,NA,205.6,240.11,-20932.368613336901,652.439,1926.62,22.5132,0.767293,19.5317,0.000917683,0.095357,0.0385566,0.00607347,0.0432998,0.0252894,0.0202432,0.00247461,9.30797,29.1257,0.217742,0.0167598,0.178778,0.000206775,0.0119453,0.00443668,0.002932,0.00254195,0.0057484,0.00606188,8.16642e-05,NA,NA,NA,NA,NA,0.557393,0.66975,0.703524,0.751856,0.851791,0.920377,0.955064,1.00716,1.04037,1.25605,1.34588,1.41987,1.52093
simulation,65,65,1,1,1,1,1,0,0,0,0,0,0,0,3.5,3.37173,FOCE_I,NA,192.29,253.26,-20750.455088841729,614.524,1896.67,22.6284,0.74438,19.0635,0.00141,0.118357,0.0393639,0.0117803,0.040329,0.0388506,0.025236,0.00257611,8.93306,31.6789,0.222599,0.0169266,0.169562,0.000205759,0.0125824,0.00463378,0.00280074,0.0023915,0.00696622,0.00724779,8.57992e-05,NA,NA,NA,NA,NA,0.46569,0.542176,0.716352,0.73803,0.844144,0.868504,0.960379,0.999745,1.03153,1.27826,1.43774,1.54727,1.57018
simulation,66,66,1,1,1,1,1,0,0,0,0,0,0,0,3.1,2.92247,FOCE_I,NA,208.04,254.02,-21125.067392292149,635.937,1883.56,23.0452,0.74927,19.6307,0.00144841,0.105493,0.0401793,0.00680619,0.0373022,0.0351685,0.034701,0.0023994,9.31248,29.8051,0.222529,0.0181464,0.167291,0.000197885,0.0116186,0.00473062,0.00279017,0.00221325,0.00731698,0.00786926,8.11162e-05,NA,NA,NA,NA,NA,0.515874,0.626727,0.696166,0.731631,0.87197,0.931623,0.958139,1.02424,1.03432,1.27879,1.38723,1.43566,1.50762
simulation,67,67,1,1,1,1,1,0,0,0,0,0,0,0,4.4,3.33305,FOCE_I,NA,278.32,244.13,-20901.499480589588,625.002,1897.35,22.8112,0.752464,19.4228,0.00120741,0.0933546,0.0396003,0.011282,0.040802,0.0397668,0.0417669,0.00236097,9.06947,30.534,0.212022,0.0191315,0.173757,0.000203888,0.0121094,0.00468684,0.00289246,0.00241911,0.00642359,0.00980408,7.83855e-05,NA,NA,NA,NA,NA,0.480675,0.559829,0.723013,0.775851,0.834707,0.882173,0.958196,1.01379,1.07706,1.20116,1.39737,1.49407,1.60211
simulation,68,68,1,1,1,1,1,0,0,0,0,0,0,0,3.1,3.00598,FOCE_I,NA,206.64,260.34,-20781.107818382625,633.751,1882.92,22.8119,0.744218,19.6577,0.00129839,0.090286,0.0435673,0.00699733,0.0365961,0.0453213,0.051396,0.00254873,9.77444,32.1369,0.222796,0.0204089,0.16738,0.000197947,0.0112097,0.00531563,0.00290818,0.00219002,0.00765905,0.0121042,8.53395e-05,NA,NA,NA,NA,NA,0.521898,0.61102,0.711122,0.754652,0.844999,0.890444,0.945738,1.01302,1.0404,1.22971,1.35756,1.51062,1.56882
simulation,69,69,1,1,1,1,1,0,0,0,0,0,0,0,3.4,3.15082,FOCE_I,NA,193.47,249.74,-20993.884271046216,643.363,1950.09,22.6464,0.75878,19.2613,0.00135791,0.101879,0.0334648,0.00786884,0.0380968,0.0388243,0.0321113,0.00248263,8.91277,31.7483,0.218138,0.0184412,0.166309,0.000197985,0.0117301,0.00400738,0.00263253,0.00225527,0.00682269,0.00810214,8.25503e-05,NA,NA,NA,NA,NA,0.5004,0.60208,0.708286,0.756612,0.849457,0.919125,0.963861,0.997104,1.03621,1.24524,1.38279,1.46216,1.57667
simulation,70,70,1,1,1,1,1,0,0,0,0,0,0,0,3.5,2.8631,FOCE_I,NA,211.14,264.05,-20776.864168317519,634.763,1899.3,23.1442,0.727849,19.3961,0.00150566,0.0969398,0.0367809,0.006904,0.0359546,0.0455591,0.0395875,0.00256648,9.22914,32.2989,0.233482,0.0185015,0.162865,0.000194634,0.0111944,0.00463749,0.00277262,0.00215392,0.00734635,0.0105662,8.55525e-05,NA,NA,NA,NA,NA,0.525987,0.602343,0.700874,0.756148,0.858663,0.874467,0.946791,1.01113,1.10637,1.21788,1.43583,1.45756,1.50595
simulation,71,71,1,1,1,1,1,0,0,0,0,0,0,0,3.1,3.18895,FOCE_I,NA,192.64,255.29,-20811.076441451602,620.941,1942.09,23.22,0.741026,19.4868,0.00123453,0.0911783,0.0459805,0.0108279,0.0387807,0.0530721,0.0172407,0.00253326,9.41623,33.7552,0.223987,0.0157793,0.170076,0.00019946,0.0113213,0.00516987,0.00299377,0.00232884,0.00853084,0.0060101,8.55507e-05,NA,NA,NA,NA,NA,0.49844,0.548889,0.683909,0.754187,0.859582,0.892176,0.975306,0.98727,1.05228,1.23007,1.43252,1.49588,1.5895
simulation,72,72,1,1,1,1,1,0,0,0,0,0,0,0,3.4,2.8587,FOCE_I,NA,199.18,255.94,-20781.272702234775,618.465,1919.23,22.6522,0.733033,19.4996,0.00123718,0.0679991,0.0385418,0.00685845,0.0359706,0.0593876,0.0348602,0.00252213,8.95252,34.4957,0.216434,0.0179177,0.163958,0.000192838,0.010039,0.00459705,0.00265581,0.00215516,0.00931222,0.00979259,8.59744e-05,NA,NA,NA,NA,NA,0.525737,0.616887,0.697206,0.733764,0.870583,0.884943,0.949973,1.02035,1.10206,1.25938,1.40529,1.4309,1.50293
simulation,73,73,1,1,1,1,1,0,0,0,0,0,0,0,4,2.70497,FOCE_I,NA,193.33,250.89,-20862.761563061929,631.084,1894.74,22.7104,0.739917,19.4034,0.00143204,0.0853603,0.0453426,0.00534785,0.0393106,0.0317658,0.0288297,0.00247111,9.64439,29.7709,0.211896,0.0175754,0.169888,0.000203262,0.0115048,0.00519402,0.00288764,0.00234673,0.00658628,0.00827956,8.25607e-05,NA,NA,NA,NA,NA,0.547495,0.657863,0.700421,0.742385,0.88041,0.897799,0.945188,1.01165,1.05968,1.27184,1.32586,1.47845,1.48096
simulation,74,74,1,1,1,1,1,0,0,0,0,0,0,0,3.2,2.68509,FOCE_I,NA,200.55,248.92,-20744.391271624674,637.79,1914.72,23.0379,0.746199,19.6229,0.00115806,0.0620012,0.0349693,0.00326641,0.0370729,0.0438819,0.0427093,0.00258978,9.1454,32.4765,0.230269,0.0192867,0.167108,0.000198063,0.010082,0.00456167,0.00266166,0.00221554,0.00714206,0.0107593,8.63506e-05,NA,NA,NA,NA,NA,0.553976,0.680199,0.689058,0.78557,0.866159,0.895979,0.939023,0.993947,1.11721,1.22693,1.30347,1.46101,1.48748
simulation,75,75,1,1,1,1,1,0,0,0,0,0,0,0,3.3,2.7434,FOCE_I,NA,187.13,253.58,-20695.789921504358,634.004,1930.66,23.2917,0.748606,19.0915,0.00143052,0.104917,0.0399013,0.00499776,0.039928,0.0335288,0.0395678,0.00252982,9.40031,30.5587,0.222035,0.0192613,0.168709,0.000206308,0.0122473,0.00479131,0.0028717,0.00236493,0.00639287,0.0101594,8.39979e-05,NA,NA,NA,NA,NA,0.544507,0.665656,0.69682,0.765919,0.862447,0.880897,0.945118,0.988708,1.10382,1.25356,1.32207,1.47668,1.4938
simulation,76,76,1,1,1,1,1,0,0,0,0,0,0,0,3.4,4.7574,FOCE_I,NA,197.69,243.5,-20848.657280754222,618.349,1914.52,22.9853,0.74538,19.4044,0.00111538,0.085626,0.0409995,0.0158686,0.0403438,0.0348495,0.0401323,0.00243911,9.0517,30.4974,0.222482,0.0188382,0.170902,0.000196492,0.0106806,0.00488179,0.0029761,0.00239343,0.00637083,0.00987124,8.17934e-05,NA,NA,NA,NA,NA,0.376904,0.479978,0.719143,0.733442,0.829836,0.864175,0.976368,1.00551,1.02803,1.2778,1.40974,1.506,1.79308
simulation,77,77,1,1,1,1,1,0,0,0,0,0,0,0,3.3,2.79936,FOCE_I,NA,196.79,246.89,-20771.810057780625,656.174,1911.84,22.8815,0.78074,19.3454,0.00122313,0.105531,0.0314491,0.00326342,0.0373093,0.03826,0.0411036,0.00262486,9.08821,31.7174,0.235708,0.0205068,0.166633,0.000198416,0.0122812,0.00414711,0.00253258,0.00221504,0.00724181,0.0106906,8.76204e-05,NA,NA,NA,NA,NA,0.544842,0.66512,0.677852,0.768314,0.85359,0.889736,0.945538,0.999766,1.09715,1.27775,1.30741,1.44772,1.52521
simulation,78,78,1,1,1,1,1,0,0,0,0,0,0,0,3.3,2.79928,FOCE_I,NA,193.82,266.09,-20812.680223621508,641.559,1964.13,23.2266,0.731194,19.396,0.00140467,0.0997814,0.0468282,0.00643889,0.0380617,0.048295,0.038518,0.00250464,10.0233,33.2663,0.219939,0.0185028,0.16854,0.000202493,0.0119463,0.00541798,0.00303436,0.00227805,0.00845916,0.00895918,8.4913e-05,NA,NA,NA,NA,NA,0.542278,0.621684,0.70403,0.730746,0.864311,0.910099,0.941307,1.01811,1.04351,1.28284,1.35924,1.46385,1.51799
simulation,79,79,1,1,1,1,1,0,0,0,0,0,0,0,3.6,2.81016,FOCE_I,NA,194.43,247.48,-20695.131593378708,626.728,1930.92,23.0159,0.75918,18.9711,0.00140875,0.0986671,0.0317287,0.00469625,0.0362307,0.0396033,0.0380251,0.00253805,8.68079,31.1718,0.220207,0.0192592,0.159986,0.000193657,0.0114183,0.0039918,0.00251017,0.00216807,0.00727181,0.00843931,8.53609e-05,NA,NA,NA,NA,NA,0.541017,0.646338,0.68761,0.759755,0.855972,0.92203,0.951413,1.00908,1.03859,1.24227,1.35157,1.47401,1.52034
simulation,80,80,1,1,1,1,1,0,0,0,0,0,0,0,3,2.74961,FOCE_I,NA,189.46,254.64,-20822.921293789146,622.621,1998.45,22.7854,0.788431,19.2297,0.00124125,0.0789021,0.0337722,0.0061195,0.0409528,0.0507922,0.0310564,0.00241108,8.62107,33.4095,0.212147,0.018768,0.170606,0.000205405,0.0106477,0.00419234,0.00269732,0.00243778,0.00794698,0.00880596,8.13323e-05,NA,NA,NA,NA,NA,0.535039,0.637358,0.707353,0.75396,0.87705,0.92,0.958114,1.0113,1.07367,1.25065,1.37108,1.43328,1.47115
simulation,81,81,1,1,1,1,1,0,0,0,0,0,0,0,3.4,2.66345,FOCE_I,NA,192.64,254.78,-20889.514699130203,618.719,1944.47,22.8973,0.737547,19.3399,0.0013075,0.0998837,0.0381307,0.0024763,0.0411743,0.0432167,0.031017,0.00241288,8.98759,32.0975,0.211749,0.0173822,0.173578,0.000208702,0.0121219,0.004407,0.00281182,0.00244238,0.0071289,0.00805435,7.98251e-05,NA,NA,NA,NA,NA,0.562327,0.676642,0.718279,0.790334,0.864849,0.906956,0.935912,1.01556,1.06159,1.23451,1.26816,1.46715,1.49773
simulation,82,82,1,1,1,1,1,0,0,0,0,0,0,0,3,2.97259,FOCE_I,NA,190.13,244.14,-20842.134281890245,634.033,1911.5,22.5541,0.739132,19.2232,0.00116303,0.102945,0.0411122,0.0078566,0.0393533,0.0310255,0.0272673,0.00248655,9.36531,29.6891,0.221723,0.0170508,0.169172,0.000200187,0.0123342,0.00493422,0.00295235,0.00234235,0.00632489,0.00790381,8.33506e-05,NA,NA,NA,NA,NA,0.514055,0.607319,0.707909,0.733824,0.844245,0.909358,0.9555,1.02404,1.0452,1.26468,1.41676,1.44903,1.52808
simulation,83,83,1,1,1,1,1,0,0,0,0,0,0,0,3.4,2.7848,FOCE_I,NA,195.04,254.46,-20793.042525567296,622.792,1934.21,22.8021,0.739695,19.2142,0.00152275,0.0765127,0.0438719,0.00863898,0.0425477,0.0233216,0.0369336,0.00244278,9.36673,28.0584,0.213469,0.0182023,0.173662,0.000212756,0.0110338,0.00494173,0.00304809,0.00252447,0.0046692,0.00841218,7.93156e-05,NA,NA,NA,NA,NA,0.533208,0.613109,0.711409,0.79759,0.876024,0.925065,0.973028,1.00124,1.04598,1.19125,1.39941,1.44781,1.48488
simulation,84,84,1,1,1,1,1,0,0,0,0,0,0,0,3.9,2.88917,FOCE_I,NA,200.71,245.92,-20972.262957274208,631.126,1886.06,23.0411,0.717752,19.5549,0.00121837,0.102067,0.0393081,0.00694854,0.0388711,0.0262071,0.0471544,0.00241982,9.25706,28.7013,0.224224,0.0186672,0.170486,0.000199909,0.0120108,0.00479739,0.00290452,0.00231605,0.00587038,0.0110562,8.09705e-05,NA,NA,NA,NA,NA,0.529782,0.616248,0.706465,0.726611,0.859455,0.871577,0.954044,0.970414,1.09328,1.29786,1.38576,1.45788,1.53063
simulation,85,85,1,1,1,1,1,0,0,0,0,0,0,0,3.4,3.02697,FOCE_I,NA,212.61,260.06,-20835.388929310706,619.488,1907.15,22.8048,0.756261,19.395,0.0014453,0.100865,0.043574,0.0096898,0.0421714,0.0383172,0.0392911,0.00239893,9.31224,30.7093,0.214672,0.0192309,0.175647,0.000211347,0.0123184,0.00515731,0.00314227,0.00250687,0.00671111,0.00923046,8.014e-05,NA,NA,NA,NA,NA,0.516465,0.559993,0.721163,0.765743,0.853466,0.89825,0.963125,1.00259,1.03077,1.21627,1.42661,1.48223,1.56333
simulation,86,86,1,1,1,1,1,0,0,0,0,0,0,0,3.7,2.80166,FOCE_I,NA,205.48,244.28,-20896.243156425338,629.556,1929.78,23.2403,0.711439,19.2806,0.0013977,0.0936373,0.0454821,0.00572011,0.0392962,0.0316459,0.0248688,0.00245674,9.68266,29.7444,0.216941,0.0160237,0.169457,0.000203758,0.0121307,0.00540456,0.00292902,0.00233412,0.00609064,0.00713291,8.15238e-05,NA,NA,NA,NA,NA,0.539336,0.646675,0.699969,0.765844,0.873345,0.892995,0.960081,0.980528,1.09212,1.2436,1.35871,1.43576,1.51103
simulation,87,87,1,1,1,1,1,0,0,0,0,0,0,0,4,3.05287,FOCE_I,NA,219.03,250.01,-21029.130610943008,619.637,1876.72,22.5843,0.711367,19.5586,0.00128332,0.0981587,0.0406462,0.0092279,0.0384918,0.0286322,0.0367519,0.00237797,9.07554,28.6512,0.206542,0.0170449,0.169755,0.000197905,0.0118429,0.00473782,0.00279315,0.00229302,0.00566255,0.00848746,7.82668e-05,NA,NA,NA,NA,NA,0.505246,0.578329,0.717075,0.771723,0.853395,0.907988,0.967861,0.995164,1.04762,1.21109,1.39858,1.50348,1.54245
simulation,88,88,1,1,1,1,1,0,0,0,0,0,0,0,3.5,3.07786,FOCE_I,NA,192.77,243.46,-20801.375451820335,627.633,1944.35,22.9172,0.734606,19.1013,0.00149676,0.113004,0.0415068,0.00941544,0.0389797,0.032504,0.0404883,0.00251904,9.28956,30.7031,0.225646,0.0186483,0.167202,0.00020366,0.0124119,0.00490816,0.00294015,0.00232668,0.00643106,0.0100835,8.39117e-05,NA,NA,NA,NA,NA,0.504968,0.550558,0.71655,0.735673,0.85733,0.886526,0.963083,1.00023,1.03102,1.2706,1.4152,1.51404,1.55422
simulation,89,89,1,1,1,1,1,0,0,0,0,0,0,0,3.4,2.84471,FOCE_I,NA,200.43,248.79,-20740.506129856582,639.513,1886.13,23.0613,0.741247,19.4068,0.00131912,0.0880656,0.0403064,0.00655899,0.0452821,0.0336509,0.0368965,0.00262714,9.51883,30.4568,0.233897,0.0184114,0.181514,0.000217812,0.0123332,0.00473239,0.00300661,0.00267982,0.00673241,0.00966862,8.69476e-05,NA,NA,NA,NA,NA,0.527092,0.641543,0.705097,0.756004,0.878128,0.886113,0.952903,0.973863,1.09324,1.23645,1.39923,1.45091,1.49942
simulation,90,90,1,1,1,1,1,0,0,0,0,0,0,0,3.5,3.09248,FOCE_I,NA,206.62,243.82,-20741.960214479910,644.128,1905.16,23.0417,0.765797,19.1434,0.00145139,0.10582,0.0425579,0.0112294,0.0434767,0.030852,0.0269145,0.00253684,9.62372,29.5109,0.227012,0.018001,0.175557,0.000212016,0.012487,0.00509666,0.0031625,0.00256914,0.00628952,0.00850919,8.45196e-05,NA,NA,NA,NA,NA,0.49711,0.563966,0.716645,0.739206,0.850975,0.895354,0.967485,0.995357,1.06193,1.26456,1.40345,1.50666,1.5373
simulation,91,91,1,1,1,1,1,0,0,0,0,0,0,0,3.2,2.68742,FOCE_I,NA,194.75,257.75,-20768.578269432761,620.553,1958.67,22.4112,0.760668,19.2136,0.00152979,0.0764475,0.0401675,0.00327747,0.0355434,0.0444474,0.0546985,0.00254077,9.27392,32.8667,0.210842,0.0210523,0.161106,0.000195757,0.0106822,0.00470849,0.00282701,0.00214854,0.00758778,0.0115364,8.50331e-05,NA,NA,NA,NA,NA,0.553858,0.692601,0.697785,0.780932,0.873543,0.923445,0.951784,0.993051,1.08051,1.24886,1.28899,1.4262,1.48845
simulation,92,92,1,1,1,1,1,0,0,0,0,0,0,0,3.9,2.7806,FOCE_I,NA,201.66,264.4,-20840.793427677043,652.255,1881.4,22.6581,0.758818,19.4283,0.0012452,0.0848953,0.0399446,0.00518749,0.041129,0.0535405,0.0435465,0.00240252,9.74736,32.6652,0.233464,0.0196603,0.174012,0.000208145,0.0117125,0.00506335,0.00292386,0.0024428,0.00871304,0.01142,8.21519e-05,NA,NA,NA,NA,NA,0.537204,0.620924,0.685512,0.753734,0.836958,0.876612,0.935599,0.984122,1.16024,1.28321,1.36004,1.47209,1.49375
simulation,93,93,1,1,1,1,1,0,0,0,0,0,0,0,3.5,2.84124,FOCE_I,NA,185.43,257.82,-20748.872481076072,640.932,1918.32,22.4488,0.772305,19.0901,0.00158647,0.0811866,0.0332056,0.00486969,0.037473,0.042935,0.0306254,0.00260976,8.9813,31.8963,0.219782,0.0187766,0.163066,0.000200646,0.010798,0.00422667,0.00262375,0.00224317,0.0078576,0.00829677,8.76669e-05,NA,NA,NA,NA,NA,0.532424,0.667047,0.690912,0.754609,0.869068,0.905015,0.945992,1.01217,1.06732,1.26814,1.31581,1.45875,1.51274
simulation,94,94,1,1,1,1,1,0,0,0,0,0,0,0,3.5,3.07013,FOCE_I,NA,194.22,244.8,-20878.171137666308,632.521,1895.99,22.7222,0.753259,19.1924,0.00121086,0.0914766,0.0353626,0.0103884,0.0393428,0.0292682,0.0338336,0.00253073,8.9642,29.4608,0.219617,0.018553,0.16741,0.000198094,0.0109567,0.0042927,0.00272074,0.00233156,0.00692527,0.00956521,8.53097e-05,NA,NA,NA,NA,NA,0.498811,0.548667,0.691265,0.716343,0.854514,0.875801,0.959524,1.00486,1.0306,1.31015,1.45336,1.52469,1.53141
simulation,95,95,1,1,1,1,1,0,0,0,0,0,0,0,3.5,3.14655,FOCE_I,NA,197.21,258.54,-20841.991789247182,630.193,1919.21,22.7878,0.75117,19.1193,0.00153027,0.102724,0.0433634,0.0109969,0.0391933,0.0338607,0.0452632,0.00242051,9.45935,30.0502,0.214404,0.0197818,0.167138,0.000200148,0.011771,0.00499437,0.00300788,0.00233739,0.0066986,0.0100628,8.13801e-05,NA,NA,NA,NA,NA,0.495178,0.543443,0.705789,0.744938,0.858252,0.905555,0.962892,0.991842,1.0283,1.27711,1.4093,1.51929,1.5581
simulation,96,96,1,1,1,1,1,0,0,0,0,0,0,0,3.5,2.73751,FOCE_I,NA,200.92,254.87,-20825.918724170278,639.031,1878.87,22.7531,0.781105,19.4541,0.00127323,0.0933355,0.0413551,0.00546237,0.0398156,0.0275193,0.0612532,0.00246788,9.58507,28.4456,0.222028,0.0224596,0.171466,0.000202676,0.0118694,0.00500393,0.00305318,0.00236809,0.00582595,0.0137254,8.17769e-05,NA,NA,NA,NA,NA,0.546069,0.650864,0.707702,0.780788,0.864964,0.896533,0.94806,1.00267,1.11621,1.24385,1.31831,1.42911,1.49487
simulation,97,97,1,1,1,1,1,0,0,0,0,0,0,0,3.4,2.85167,FOCE_I,NA,191.9,257.46,-20711.890776535871,628.565,1915.28,22.8987,0.708892,19.3485,0.00126123,0.11142,0.0446378,0.00583753,0.0375182,0.0346002,0.040185,0.00262092,9.68885,31.0222,0.227405,0.0180042,0.166558,0.000200021,0.0119309,0.00521745,0.00304597,0.0022774,0.00651762,0.00903226,8.62628e-05,NA,NA,NA,NA,NA,0.532945,0.645613,0.703336,0.801482,0.846034,0.921377,0.965879,0.99157,1.08364,1.22601,1.32138,1.44096,1.51978
simulation,98,98,1,1,1,1,1,0,0,0,0,0,0,0,3.2,3.52243,FOCE_I,NA,187.75,243.55,-20689.037925040902,649.243,1895.95,22.5396,0.758486,19.7157,0.00122009,0.0799782,0.0425861,0.0140041,0.0411115,0.0339522,0.0280868,0.00265032,9.73033,30.7373,0.219091,0.0181553,0.176614,0.000200148,0.011466,0.00502411,0.0029621,0.00243751,0.00651972,0.00829481,8.78361e-05,NA,NA,NA,NA,NA,0.474027,0.50188,0.728346,0.752252,0.855018,0.924617,0.948516,0.987485,1.02027,1.23675,1.39605,1.50506,1.66973
simulation,99,99,1,1,1,1,1,0,0,0,0,0,0,0,3.3,3.03533,FOCE_I,NA,208.59,249.48,-20923.933305951516,633.862,1949.37,23.0179,0.767447,19.4331,0.00138548,0.110491,0.0417397,0.00830223,0.0391702,0.0359513,0.0490474,0.00242686,9.53036,30.8408,0.21302,0.0206924,0.170033,0.000203105,0.0119105,0.00486791,0.00300473,0.00234749,0.00680285,0.01109,8.10793e-05,NA,NA,NA,NA,NA,0.518946,0.586753,0.717574,0.745936,0.857115,0.892725,0.957905,1.00518,1.03179,1.24075,1.38678,1.48338,1.57517
simulation,100,100,1,1,1,1,1,0,0,0,0,0,0,0,3.1,3.7195,FOCE_I,NA,203.16,246.9,-20872.782836663740,621.419,1900.74,22.9745,0.724879,19.3039,0.0013709,0.109464,0.0383322,0.0106976,0.0338775,0.0439334,0.0490418,0.00246101,9.10724,32.0731,0.24514,0.0193036,0.158511,0.000186314,0.0114816,0.00475504,0.00272219,0.0020401,0.00735313,0.0121349,8.34744e-05,NA,NA,NA,NA,NA,0.448408,0.494728,0.700626,0.715345,0.819192,0.851372,0.938326,0.957652,1.06979,1.31673,1.44859,1.57139,1.66785
simulation,101,101,1,1,1,1,1,0,0,0,0,0,0,0,3.6,2.76839,FOCE_I,NA,199.69,256.76,-20760.440424130309,633.258,1920.6,22.992,0.7628,19.2607,0.00175386,0.0957638,0.033429,0.00459415,0.03568,0.0433971,0.0245253,0.0025601,8.73679,32.1917,0.222915,0.0176465,0.160733,0.000199717,0.010901,0.0040213,0.00250182,0.00212678,0.0072972,0.00729742,8.42887e-05,NA,NA,NA,NA,NA,0.554357,0.644815,0.688917,0.772563,0.853705,0.908675,0.957012,1.02025,1.04803,1.23224,1.34466,1.44011,1.53467
simulation,102,102,1,1,1,1,1,0,0,0,0,0,0,0,3.7,3.06907,FOCE_I,NA,186.07,252.25,-20732.933514994584,643.287,1914.44,22.8974,0.756987,19.3749,0.00100648,0.0817154,0.0435088,0.00993854,0.0381788,0.0384463,0.0370916,0.00265256,9.82611,31.7153,0.231302,0.019524,0.167431,0.000193,0.0106313,0.00528508,0.00288793,0.00228436,0.00738525,0.0108825,8.90733e-05,NA,NA,NA,NA,NA,0.507453,0.551757,0.710849,0.720543,0.861386,0.871453,0.959274,1.00384,1.05384,1.25905,1.43598,1.50717,1.55741
simulation,103,103,1,1,1,1,1,0,0,0,0,0,0,0,3.9,3.13378,FOCE_I,NA,219.98,250.81,-20943.031042611809,634.915,1875.48,22.6557,0.800672,19.037,0.001666,0.0961957,0.0347218,0.00756082,0.0375314,0.0339199,0.0292634,0.0024554,8.87479,29.4078,0.214009,0.019181,0.162204,0.000201237,0.0111741,0.00428601,0.00272712,0.00222913,0.00610135,0.00723612,8.09331e-05,NA,NA,NA,NA,NA,0.498959,0.620524,0.717655,0.778842,0.855919,0.905831,0.968164,1.00487,1.05314,1.20914,1.39909,1.42424,1.56363
simulation,104,104,1,1,1,1,1,0,0,0,0,0,0,0,3.5,3.26189,FOCE_I,NA,191.63,259.95,-20692.158183209103,632.482,1884.78,22.8918,0.717208,19.065,0.00135321,0.119748,0.0475915,0.011895,0.0455096,0.0335557,0.0439832,0.00252338,10.0242,30.1352,0.229827,0.0186782,0.179365,0.000217506,0.0133041,0.0054992,0.00324774,0.00268461,0.00648897,0.0107463,8.38886e-05,NA,NA,NA,NA,NA,0.489014,0.552555,0.716256,0.746169,0.852402,0.900222,0.949371,0.995738,1.0235,1.23317,1.44723,1.49927,1.59511
simulation,105,105,1,1,1,1,1,0,0,0,0,0,0,0,3.2,2.67558,FOCE_I,NA,201.11,251.44,-20973.563511394765,642.111,1886.69,22.7714,0.767542,19.365,0.0012763,0.108559,0.037545,0.00255766,0.0352393,0.0473088,0.0232535,0.00244013,9.07299,32.1996,0.224805,0.0172207,0.161929,0.000194716,0.0118084,0.00433631,0.00252398,0.00210348,0.00774072,0.00750292,8.12911e-05,NA,NA,NA,NA,NA,0.56484,0.673937,0.715615,0.795579,0.857533,0.907849,0.954973,0.986748,1.11925,1.22812,1.26221,1.42207,1.51128
simulation,106,106,1,1,1,1,1,0,0,0,0,0,0,0,3.3,2.75371,FOCE_I,NA,209.89,256.49,-21025.521858963297,644.566,1938.6,22.9633,0.752044,19.4577,0.0013917,0.0960061,0.0340343,0.00443141,0.0352038,0.0428025,0.036986,0.00244129,9.03605,31.7469,0.215103,0.0184742,0.162074,0.000191677,0.0113129,0.00413662,0.00247445,0.00209506,0.00772867,0.00856816,8.19051e-05,NA,NA,NA,NA,NA,0.543525,0.664127,0.700114,0.749481,0.871214,0.917169,0.957173,0.991588,1.08544,1.2412,1.34489,1.43737,1.49671
simulation,107,107,1,1,1,1,1,0,0,0,0,0,0,0,3.7,3.12824,FOCE_I,NA,208.09,258.56,-20851.356404752059,629.649,1913.09,22.4616,0.743512,19.2288,0.00116025,0.0993855,0.0411395,0.00956448,0.0373711,0.0441678,0.0366607,0.00246164,9.28873,31.8791,0.222046,0.0182857,0.165,0.00019737,0.011538,0.0049148,0.00298547,0.00226281,0.00767793,0.00885191,8.25746e-05,NA,NA,NA,NA,NA,0.487482,0.574446,0.706163,0.76386,0.850341,0.914325,0.963407,0.986299,1.08917,1.22004,1.42278,1.49672,1.52496
simulation,108,108,1,1,1,1,1,0,0,0,0,0,0,0,3.4,4.05704,FOCE_I,NA,196.96,258.35,-20629.113515205296,646.078,1924.85,22.7436,0.736803,19.1916,0.00106519,0.0858462,0.0353883,0.0136143,0.0405828,0.0402441,0.0397168,0.0025613,9.18269,31.6409,0.211052,0.0188295,0.17075,0.00019687,0.0113791,0.00447179,0.00285217,0.00241215,0.00771113,0.0101351,8.63502e-05,NA,NA,NA,NA,NA,0.418692,0.499538,0.691549,0.734557,0.841935,0.849233,0.955879,0.987356,1.07705,1.27924,1.41357,1.55275,1.69865
simulation,109,109,1,1,1,1,1,0,0,0,0,0,0,0,3.2,2.79758,FOCE_I,NA,209.32,266.79,-20962.520300404642,637.127,1924.98,22.8432,0.745843,19.5483,0.00164832,0.0778176,0.0338461,0.00683467,0.0359924,0.034663,0.0239668,0.00245686,8.7707,30.3319,0.219564,0.0167737,0.163341,0.00019888,0.0102972,0.00411407,0.00252802,0.00214306,0.00626943,0.00763452,8.13426e-05,NA,NA,NA,NA,NA,0.537685,0.597487,0.697388,0.751522,0.855257,0.925323,0.954419,1.01358,1.03217,1.22847,1.42984,1.47264,1.50422
simulation,110,110,1,1,1,1,1,0,0,0,0,0,0,0,3.4,2.93114,FOCE_I,NA,204.43,271.62,-20737.760328570854,622.696,1900.54,22.829,0.739097,19.2911,0.00134125,0.0835717,0.0451649,0.0087166,0.0422068,0.0459327,0.0529297,0.00241211,9.64441,31.7795,0.22262,0.0201656,0.174614,0.000208575,0.0117031,0.00513446,0.00300483,0.00250583,0.00767861,0.010574,8.03561e-05,NA,NA,NA,NA,NA,0.513909,0.622501,0.719682,0.778272,0.863279,0.938156,0.962896,1.01074,1.0377,1.21003,1.39648,1.44001,1.50634
simulation,111,111,1,1,1,1,1,0,0,0,0,0,0,0,3.4,3.02196,FOCE_I,NA,203.07,261.18,-20906.301457093883,623.415,1874.26,22.5815,0.760042,19.3747,0.000802418,0.0853945,0.0489677,0.00881378,0.0385559,0.0411897,0.0235263,0.00233737,9.63062,30.9609,0.216389,0.0171096,0.169965,0.000195244,0.011643,0.00545877,0.00301462,0.00230418,0.00727771,0.00666299,7.863e-05,NA,NA,NA,NA,NA,0.518743,0.607866,0.707113,0.747895,0.821398,0.890919,0.956512,1.01112,1.03725,1.27157,1.4158,1.44619,1.56762
simulation,112,112,1,1,1,1,1,0,0,0,0,0,0,0,3.1,2.6436,FOCE_I,NA,182.55,256.35,-20841.524943007320,637.339,1883.79,23.1412,0.734457,19.179,0.00154747,0.0718306,0.0419559,0.00162947,0.0384073,0.043554,0.0448136,0.00236598,9.99863,31.044,0.234914,0.0190861,0.166812,0.000205754,0.011054,0.00498406,0.0029948,0.00229136,0.00759137,0.0110032,7.97986e-05,NA,NA,NA,NA,NA,0.573351,0.681914,0.692688,0.778176,0.851123,0.88596,0.924546,0.975253,1.12404,1.24845,1.2871,1.46169,1.51571
simulation,113,113,1,1,1,1,1,0,0,0,0,0,0,0,3.6,2.7707,FOCE_I,NA,203.08,263.52,-20732.683808709120,625.119,1929.35,22.6628,0.75335,19.2355,0.00130222,0.0934712,0.0330618,0.00488239,0.0402662,0.0385009,0.0453493,0.0025344,8.75539,31.3679,0.214786,0.0198556,0.171073,0.000203969,0.0121149,0.00416046,0.00272102,0.00239617,0.00715942,0.00953728,8.53429e-05,NA,NA,NA,NA,NA,0.542187,0.666505,0.692005,0.742634,0.871125,0.910107,0.942149,0.983263,1.067,1.26282,1.36025,1.45772,1.50224
simulation,114,114,1,1,1,1,1,0,0,0,0,0,0,0,3.1,2.70923,FOCE_I,NA,211.56,260.29,-20567.093091094903,631.618,1875.49,22.857,0.749285,19.1913,0.00159502,0.119014,0.0471425,0.00626973,0.0454235,0.0304505,0.0215877,0.00260316,9.80862,29.5689,0.224136,0.0166674,0.180436,0.000221748,0.0137009,0.00548726,0.0033437,0.00269794,0.00590375,0.00627673,8.5257e-05,NA,NA,NA,NA,NA,0.554784,0.657702,0.715024,0.778968,0.86377,0.928446,0.956945,0.986014,1.06908,1.20358,1.31352,1.46913,1.50304
simulation,115,115,1,1,1,1,1,0,0,0,0,0,0,0,3.4,3.0437,FOCE_I,NA,194.38,247.18,-20837.344156287076,648.018,1959.77,23.0856,0.77503,19.3935,0.0012992,0.0752924,0.0372763,0.00767154,0.037563,0.0360389,0.0365236,0.00260924,9.41923,31.7349,0.241368,0.0197093,0.166799,0.000200294,0.0107678,0.00435043,0.00268189,0.00223169,0.00622721,0.00914887,8.58533e-05,NA,NA,NA,NA,NA,0.510156,0.601037,0.699135,0.789753,0.846583,0.891296,0.954594,0.997386,1.02033,1.24081,1.38676,1.5094,1.55276
simulation,116,116,1,1,1,1,1,0,0,0,0,0,0,0,3.2,3.28067,FOCE_I,NA,226,253.21,-20986.821715054364,640.101,1920.46,23.1027,0.733789,19.3688,0.0013413,0.0935019,0.0400433,0.00860252,0.0399402,0.0374956,0.0306449,0.00238078,9.48291,30.6176,0.213295,0.0179044,0.172381,0.000204764,0.0125946,0.00460177,0.00278972,0.00235501,0.00621044,0.00917099,7.88905e-05,NA,NA,NA,NA,NA,0.498653,0.596244,0.668443,0.748618,0.863076,0.886744,0.937347,0.987565,1.02669,1.21137,1.42997,1.50937,1.63591
simulation,117,117,1,1,1,1,1,0,0,0,0,0,0,0,3.5,3.01837,FOCE_I,NA,187.54,255.71,-20685.851312162744,623.476,1940.7,22.6315,0.748977,19.1028,0.00101743,0.0887468,0.0418677,0.00923417,0.0399361,0.0356761,0.0263534,0.00256937,9.25876,31.1521,0.222444,0.0173764,0.16893,0.00019775,0.0114273,0.00491656,0.00288943,0.00237657,0.00677231,0.00867896,8.60106e-05,NA,NA,NA,NA,NA,0.508268,0.577108,0.712577,0.734201,0.854585,0.869466,0.965925,1.00375,1.04619,1.27615,1.40943,1.50822,1.53414
simulation,118,118,1,1,1,1,1,0,0,0,0,0,0,0,3.5,2.71517,FOCE_I,NA,214.21,248.5,-20919.671116865891,619.352,1893.57,22.7157,0.755403,19.3855,0.00116439,0.0939547,0.039416,0.00385703,0.0350794,0.0236,0.0359489,0.00249474,8.94575,27.9601,0.207804,0.0186213,0.161091,0.000192032,0.0109779,0.00467557,0.00269248,0.00209983,0.00552241,0.00837106,8.24247e-05,NA,NA,NA,NA,NA,0.553556,0.668467,0.708518,0.736532,0.861944,0.912293,0.956494,0.985479,1.07724,1.26431,1.34944,1.42273,1.503
simulation,119,119,1,1,1,1,1,0,0,0,0,0,0,0,4.1,2.9762,FOCE_I,NA,205.78,258.8,-20715.902358924548,629.83,1956.03,22.8917,0.756938,19.3288,0.00144851,0.0864144,0.0395487,0.00694653,0.038135,0.0460009,0.0457333,0.00254819,9.39794,33.031,0.209535,0.0201832,0.168025,0.00020622,0.0114929,0.00496455,0.00280621,0.00228005,0.0075571,0.0101199,8.56055e-05,NA,NA,NA,NA,NA,0.518249,0.622317,0.704321,0.761686,0.850813,0.927994,0.958078,0.996534,1.06395,1.22188,1.35366,1.4781,1.54241
simulation,120,120,1,1,1,1,1,0,0,0,0,0,0,0,3.6,2.72467,FOCE_I,NA,204.22,246.14,-20826.613485394497,636.274,1866.28,22.4846,0.750783,19.1913,0.00123801,0.103906,0.0440515,0.00400528,0.0380625,0.0373852,0.0372612,0.00241534,9.67195,30.303,0.214822,0.0189229,0.166387,0.000202548,0.0120802,0.00512682,0.00273284,0.00225313,0.00717689,0.00999674,8.15789e-05,NA,NA,NA,NA,NA,0.554693,0.669787,0.6958,0.781314,0.852531,0.904097,0.953541,0.999836,1.08663,1.25354,1.28424,1.45263,1.51136
simulation,121,121,1,1,1,1,1,0,0,0,0,0,0,0,3.5,3.0104,FOCE_I,NA,197.96,247.94,-20723.099179678840,635.626,1956.81,22.4807,0.76841,19.2257,0.00116198,0.0981671,0.0395495,0.00884409,0.0402568,0.0320972,0.0443972,0.00269203,9.42672,31.1215,0.22066,0.0204206,0.170808,0.000201268,0.012015,0.00475691,0.00298322,0.00239128,0.00652486,0.0113072,8.99467e-05,NA,NA,NA,NA,NA,0.500457,0.590734,0.702904,0.760317,0.867774,0.887673,0.967976,0.989653,1.07794,1.25627,1.39246,1.49925,1.50658
simulation,122,122,1,1,1,1,1,0,0,0,0,0,0,0,4,2.75137,FOCE_I,NA,197.9,249.31,-20802.809445572373,628.017,1905.5,22.9896,0.773704,19.3261,0.00172474,0.116104,0.0419834,0.004042,0.0346381,0.0470881,0.0311604,0.00253229,9.30951,32.6798,0.213608,0.018775,0.160141,0.000199818,0.0118133,0.0049398,0.00268555,0.00207934,0.00752309,0.00897308,8.42112e-05,NA,NA,NA,NA,NA,0.550919,0.670119,0.70794,0.769283,0.866605,0.900092,0.958614,1.0046,1.10891,1.21564,1.32377,1.40772,1.51578
simulation,123,123,1,1,1,1,1,0,0,0,0,0,0,0,3.9,3.25571,FOCE_I,NA,185.13,246.79,-20859.753980012585,632.091,1947.31,22.7635,0.74229,19.0471,0.00114025,0.0898898,0.0340624,0.00868484,0.0390473,0.0369445,0.0424319,0.00246951,8.95301,30.9039,0.215562,0.0191515,0.166661,0.000200204,0.0115483,0.00433673,0.00267325,0.00230976,0.00628291,0.0103895,8.18715e-05,NA,NA,NA,NA,NA,0.482407,0.582838,0.703069,0.76966,0.860347,0.881076,0.95424,1.0114,1.06745,1.22309,1.4225,1.47136,1.57058
simulation,124,124,1,1,1,1,1,0,0,0,0,0,0,0,3.3,2.95979,FOCE_I,NA,200.95,249.96,-20824.423916454842,621.588,1914.7,22.6434,0.732595,19.3116,0.00114919,0.0972904,0.0278122,0.00397775,0.0391491,0.0391811,0.0583725,0.00247375,8.42232,31.2325,0.218648,0.0204303,0.168993,0.000198805,0.0117927,0.00368006,0.00252627,0.00234591,0.00689397,0.0119839,8.25712e-05,NA,NA,NA,NA,NA,0.532466,0.67016,0.682914,0.787038,0.867766,0.886698,0.913802,1.01072,1.07329,1.20698,1.30344,1.48873,1.57599
simulation,125,125,1,1,1,1,1,0,0,0,0,0,0,0,3.5,2.96937,FOCE_I,NA,205.68,254.81,-20907.337748599868,614.801,1909.28,22.733,0.741281,19.1209,0.0017305,0.0955955,0.0369577,0.00678212,0.038922,0.041932,0.0312306,0.00243766,8.79752,31.1895,0.222701,0.0174558,0.166832,0.000208519,0.0116684,0.00438688,0.00273802,0.00232039,0.00760936,0.00835316,8.25139e-05,NA,NA,NA,NA,NA,0.519786,0.629122,0.703893,0.729187,0.857105,0.890774,0.951378,0.986883,1.06554,1.2905,1.40049,1.43191,1.54344
simulation,126,126,1,1,1,1,1,0,0,0,0,0,0,0,3.5,3.35728,FOCE_I,NA,208.11,259.75,-20881.183631364358,617.204,1887.38,23.1655,0.709216,19.3048,0.0012239,0.0838585,0.040251,0.0111293,0.0374226,0.0327148,0.0360734,0.00238669,9.09112,29.1208,0.219435,0.0171282,0.164675,0.000192662,0.0108223,0.00464892,0.00266624,0.00221475,0.00605931,0.0088219,7.92942e-05,NA,NA,NA,NA,NA,0.474779,0.537204,0.717656,0.75832,0.864849,0.883433,0.969402,1.01075,1.05101,1.25096,1.41855,1.46911,1.59397
simulation,127,127,1,1,1,1,1,0,0,0,0,0,0,0,3.8,3.00797,FOCE_I,NA,184.93,250.4,-20615.253057368205,631.226,1954.03,22.6017,0.727622,19.1718,0.00112053,0.0932792,0.0415218,0.0102095,0.044625,0.0366213,0.0340696,0.00256271,9.46264,31.4068,0.217385,0.0177987,0.178077,0.000208766,0.0122907,0.00487603,0.00292148,0.00262405,0.00633981,0.00822522,8.46308e-05,NA,NA,NA,NA,NA,0.500442,0.597362,0.710935,0.779964,0.896289,0.916136,0.957696,1.0126,1.05018,1.20373,1.38668,1.48267,1.50532
simulation,128,128,1,1,1,1,1,0,0,0,0,0,0,0,4.3,2.90515,FOCE_I,NA,199.51,254.44,-20821.155919035729,644.682,1920.83,22.9663,0.74715,19.3786,0.00144852,0.0840777,0.0384757,0.00830097,0.0401885,0.03593,0.0307914,0.00255099,9.42471,31.0011,0.218594,0.0177605,0.171244,0.000205432,0.0112561,0.00457119,0.00285272,0.00239729,0.0067313,0.00783958,8.50766e-05,NA,NA,NA,NA,NA,0.522233,0.612789,0.70866,0.753237,0.865755,0.902959,0.962288,0.992735,1.08072,1.25106,1.41007,1.42033,1.51717
simulation,129,129,1,1,1,1,1,0,0,0,0,0,0,0,3.2,2.87945,FOCE_I,NA,194.92,259.62,-20675.224039075612,631.379,1915.24,22.8162,0.740141,19.2458,0.0012665,0.103623,0.033994,0.00597664,0.0433648,0.0314669,0.0473708,0.00255032,8.98163,30.1466,0.218439,0.0196896,0.17676,0.0002142,0.0125433,0.00431379,0.00278404,0.00256321,0.00625948,0.0114651,8.47279e-05,NA,NA,NA,NA,NA,0.520171,0.641775,0.69679,0.779372,0.861022,0.874534,0.947028,0.995255,1.07576,1.25356,1.36139,1.49553,1.49781
simulation,130,130,1,1,1,1,1,0,0,0,0,0,0,0,3.4,2.89622,FOCE_I,NA,204.01,263.99,-20728.487394758722,622.83,1971.78,22.7408,0.705759,19.2344,0.00165236,0.104816,0.0366803,0.00734134,0.0409652,0.0249276,0.0600233,0.00252812,9.10504,29.3278,0.215011,0.0196243,0.172208,0.000209452,0.0125064,0.00457202,0.00276114,0.00242674,0.00562593,0.0118692,8.37776e-05,NA,NA,NA,NA,NA,0.519596,0.618053,0.703435,0.755439,0.855473,0.900709,0.953001,0.987162,1.07729,1.27702,1.36732,1.48063,1.50487
simulation,131,131,1,1,1,1,1,0,0,0,0,0,0,0,3.2,2.88609,FOCE_I,NA,204.22,260.52,-20811.344446555584,638.674,1913.08,22.6859,0.764344,19.1745,0.00149015,0.106209,0.0391813,0.00729046,0.0400032,0.0309846,0.026901,0.00259577,9.39885,29.9871,0.216575,0.0179533,0.169245,0.000205589,0.0120717,0.0046121,0.00297548,0.00239259,0.00589807,0.00746345,8.50694e-05,NA,NA,NA,NA,NA,0.526021,0.618117,0.706916,0.769955,0.86104,0.927333,0.967744,0.995551,1.05885,1.2009,1.41414,1.43529,1.51814
simulation,132,132,1,1,1,1,1,0,0,0,0,0,0,0,3.5,2.72148,FOCE_I,NA,207.55,261.04,-20881.425897414811,624.981,1888.77,23.0133,0.742998,19.3404,0.00131612,0.0920799,0.0374528,0.00322224,0.0392796,0.0271493,0.0390235,0.00241054,9.06376,28.6222,0.223059,0.018648,0.169789,0.000204155,0.0118191,0.00437821,0.00267747,0.00231638,0.00572196,0.00933879,8.0074e-05,NA,NA,NA,NA,NA,0.56125,0.689325,0.693953,0.768311,0.846038,0.898348,0.940271,0.999488,1.07708,1.23182,1.29477,1.47193,1.52743
simulation,133,133,1,1,1,1,1,0,0,0,0,0,0,0,3.4,3.06583,FOCE_I,NA,192.04,261.16,-20847.967057671558,642.898,1931.42,23.2149,0.767009,19.457,0.00165765,0.107653,0.0444886,0.00931307,0.0407921,0.0428668,0.0292594,0.00251844,9.83345,32.1841,0.223943,0.0180003,0.173836,0.000209762,0.0125556,0.00501572,0.00329711,0.0024542,0.00672551,0.00758733,8.32586e-05,NA,NA,NA,NA,NA,0.515181,0.592787,0.726355,0.785147,0.849365,0.917984,0.94765,1.01419,1.03712,1.20615,1.3421,1.4865,1.57946
simulation,134,134,1,1,1,1,1,0,0,0,0,0,0,0,3.5,3.35009,FOCE_I,NA,194.38,250.55,-20801.118448858058,641.777,1904.98,22.6138,0.75093,19.3422,0.00153572,0.104875,0.0358914,0.0115839,0.0375162,0.0360688,0.029467,0.00253719,8.97954,31.0148,0.216247,0.0178223,0.16548,0.000198929,0.0114306,0.00451805,0.00259927,0.00223172,0.00685396,0.00788684,8.38446e-05,NA,NA,NA,NA,NA,0.481513,0.504416,0.71993,0.752191,0.84778,0.855868,0.974496,1.00684,1.07187,1.21652,1.42633,1.52914,1.61311
simulation,135,135,1,1,1,1,1,0,0,0,0,0,0,0,3.5,3.00554,FOCE_I,NA,191.48,251.51,-20745.837742270181,625.788,1916.36,22.9557,0.754169,19.0398,0.00170774,0.103082,0.0469336,0.0102118,0.0392251,0.0390147,0.0322909,0.00247464,9.68096,30.9941,0.215695,0.0183363,0.167489,0.000206449,0.0123773,0.00541084,0.00306898,0.00236277,0.00609341,0.0088443,8.15447e-05,NA,NA,NA,NA,NA,0.518395,0.568895,0.721385,0.777932,0.852136,0.932793,0.958182,1.0151,1.05914,1.17776,1.38773,1.4725,1.55806
simulation,136,136,1,1,1,1,1,0,0,0,0,0,0,0,3.2,3.45951,FOCE_I,NA,206,249.38,-20976.769098827644,637.538,1940.01,22.709,0.781123,19.5035,0.0015868,0.106492,0.0361607,0.0114212,0.0408257,0.0244782,0.043276,0.00247084,8.93798,29.1029,0.214573,0.020359,0.173944,0.000207289,0.0125126,0.00441422,0.00292223,0.00244093,0.00541233,0.0105335,8.18494e-05,NA,NA,NA,NA,NA,0.465181,0.525232,0.718988,0.739602,0.844109,0.859151,0.970033,0.989314,1.05586,1.28661,1.40492,1.5317,1.6093
simulation,137,137,1,1,1,1,1,0,0,0,0,0,0,0,3.2,2.74762,FOCE_I,NA,196.87,246.7,-21002.978193470277,630.092,1911.63,23.0158,0.742921,19.5178,0.00152102,0.103269,0.0322639,0.00403576,0.038422,0.0396539,0.0465102,0.00239412,8.68247,31.0066,0.213512,0.0192394,0.169033,0.000202441,0.0119643,0.00411404,0.00262891,0.00228891,0.00729656,0.0105507,8.04596e-05,NA,NA,NA,NA,NA,0.545053,0.64964,0.690367,0.747477,0.867846,0.900213,0.953949,0.995342,1.13378,1.25881,1.29983,1.4601,1.4976
simulation,138,138,1,1,1,1,1,0,0,0,0,0,0,0,3.4,2.94303,FOCE_I,NA,198.62,263.89,-20801.362822844450,635.156,1916.18,22.9138,0.726351,19.066,0.00123555,0.097319,0.0322446,0.00635221,0.034506,0.0537295,0.0483242,0.00243914,8.87002,33.107,0.224272,0.0190761,0.157387,0.000187511,0.0109764,0.00405049,0.00245222,0.00205753,0.00770333,0.01137,8.1376e-05,NA,NA,NA,NA,NA,0.512335,0.627819,0.701458,0.782624,0.859905,0.910372,0.949685,1.00929,1.05614,1.22104,1.39305,1.46847,1.50782
simulation,139,139,1,1,1,1,1,0,0,0,0,0,0,0,3.3,3.62869,FOCE_I,NA,186.98,250.67,-20761.990474455237,627.763,1918.1,22.5848,0.724222,19.42,0.00147685,0.091315,0.0458153,0.0129552,0.042135,0.025575,0.0689502,0.002542,9.83158,29.4635,0.222099,0.021015,0.176995,0.00021053,0.0125511,0.00562363,0.00321246,0.00250523,0.00654202,0.0128664,8.6713e-05,NA,NA,NA,NA,NA,0.454325,0.519464,0.675797,0.73397,0.83389,0.869094,0.975481,0.983706,1.03139,1.35461,1.38273,1.53694,1.64861
simulation,140,140,1,1,1,1,1,0,0,0,0,0,0,0,3.5,2.9898,FOCE_I,NA,190.43,258.78,-20801.922916024476,630.175,1952.4,22.7704,0.744892,19.0182,0.00159486,0.0974693,0.0339707,0.00810101,0.0375265,0.0534306,0.0445468,0.00246628,8.88127,33.44,0.225212,0.0192167,0.162829,0.000200282,0.0113439,0.00421551,0.00263264,0.00223942,0.00884588,0.0105572,8.44204e-05,NA,NA,NA,NA,NA,0.508291,0.574286,0.706395,0.72308,0.856752,0.906133,0.955322,1.01102,1.04266,1.28939,1.42896,1.47802,1.51969
simulation,141,141,1,1,1,1,1,0,0,0,0,0,0,0,3.2,2.8975,FOCE_I,NA,196.23,256.39,-20914.875338803711,631.646,1885.79,23.2144,0.723805,19.4737,0.00137206,0.100101,0.047154,0.00594518,0.0379389,0.030288,0.0519114,0.00247256,9.98522,29.7733,0.234267,0.0196676,0.167998,0.000200265,0.0119101,0.00552139,0.00309384,0.00227501,0.00609894,0.0110281,8.26648e-05,NA,NA,NA,NA,NA,0.527765,0.644026,0.70174,0.733734,0.867531,0.882153,0.94677,0.995011,1.04184,1.28533,1.3511,1.4938,1.5292
simulation,142,142,1,1,1,1,1,0,0,0,0,0,0,0,3.9,2.88667,FOCE_I,NA,194.9,257.17,-20946.246328037370,642.876,1903.25,22.9009,0.796892,19.4408,0.00129992,0.0918464,0.0302946,0.0054227,0.0383094,0.0445032,0.043628,0.00241136,8.6704,31.7189,0.22088,0.020844,0.168652,0.000201846,0.0115137,0.00370728,0.00261516,0.00227365,0.00758309,0.0100942,8.06871e-05,NA,NA,NA,NA,NA,0.532746,0.641893,0.697574,0.758927,0.834808,0.909167,0.946886,0.988181,1.06029,1.26142,1.385,1.44525,1.53786
simulation,143,143,1,1,1,1,1,0,0,0,0,0,0,0,3.4,2.75008,FOCE_I,NA,197.49,248.6,-21027.283777296463,618.863,1919.55,22.7305,0.747282,19.2614,0.0014501,0.100648,0.0299585,0.00391315,0.0406206,0.0260389,0.0416187,0.00235691,8.24313,28.276,0.21113,0.0186531,0.171146,0.000208544,0.0123243,0.00384356,0.00254766,0.00239071,0.005404,0.00958731,7.87061e-05,NA,NA,NA,NA,NA,0.544689,0.670609,0.688521,0.774969,0.871301,0.909795,0.948305,0.996573,1.07612,1.24879,1.32686,1.44553,1.49794
simulation,144,144,1,1,1,1,1,0,0,0,0,0,0,0,3.3,2.85019,FOCE_I,NA,199.64,245.43,-20943.207310941678,621.965,1928.95,22.7073,0.7237,19.1458,0.0017685,0.0974144,0.0333644,0.0058858,0.0400358,0.0392575,0.031708,0.0023565,8.65362,30.7021,0.202977,0.016885,0.168479,0.000210116,0.0118273,0.00397612,0.0026997,0.00236905,0.00725909,0.00750288,7.93177e-05,NA,NA,NA,NA,NA,0.527789,0.654941,0.704572,0.743376,0.85399,0.888302,0.946984,1.01479,1.06939,1.26747,1.35618,1.46792,1.5043
simulation,145,145,1,1,1,1,1,0,0,0,0,0,0,0,3.5,2.80918,FOCE_I,NA,208.87,260.37,-20815.163176723992,645.192,1956.93,22.7151,0.753985,19.071,0.00127869,0.122077,0.0393939,0.00642021,0.0414043,0.056998,0.0270167,0.00242065,9.33063,34.3259,0.207354,0.0173652,0.172192,0.000211936,0.0128474,0.00468325,0.00292219,0.00247974,0.00867136,0.00713596,8.0877e-05,NA,NA,NA,NA,NA,0.53921,0.634142,0.698475,0.767362,0.85344,0.923925,0.955411,0.992462,1.08946,1.20039,1.35438,1.4766,1.51474
simulation,146,146,1,1,1,1,1,0,0,0,0,0,0,0,3.5,3.08133,FOCE_I,NA,193.77,245.99,-20665.983950274913,630.856,1861.93,22.7336,0.765362,19.1951,0.00143095,0.0984252,0.035571,0.0104429,0.0402195,0.0342851,0.0413852,0.00253703,8.95663,29.7819,0.222311,0.0199972,0.168648,0.000202525,0.0111675,0.00431316,0.00274745,0.00238125,0.00618805,0.0103343,8.34109e-05,NA,NA,NA,NA,NA,0.507874,0.547634,0.722216,0.762021,0.856154,0.887673,0.95498,0.990081,1.05974,1.23169,1.4207,1.49431,1.56493
simulation,147,147,1,1,1,1,1,0,0,0,0,0,0,0,3.2,2.73031,FOCE_I,NA,207.28,253.84,-20936.538806264485,629.788,1956.01,22.8949,0.7683,19.3268,0.00144846,0.0944333,0.0329287,0.00141585,0.0376039,0.032247,0.0561924,0.0023754,8.77602,30.323,0.212594,0.0213938,0.166632,0.000204612,0.011779,0.00435292,0.00253132,0.00222821,0.00600274,0.0116859,7.9627e-05,NA,NA,NA,NA,NA,0.561349,0.674136,0.701563,0.791592,0.845242,0.867481,0.937548,0.992254,1.09604,1.21204,1.30164,1.48646,1.53266
simulation,148,148,1,1,1,1,1,0,0,0,0,0,0,0,3.4,2.76168,FOCE_I,NA,205.8,258.29,-20803.674758134523,630.888,1935.86,22.5596,0.774413,19.2059,0.00130252,0.110299,0.0491823,0.00601951,0.0382865,0.0304229,0.0469586,0.00253472,10.0269,30.3116,0.220322,0.0208637,0.167176,0.000200556,0.0122858,0.00565485,0.00293989,0.0022766,0.00603604,0.0103565,8.39546e-05,NA,NA,NA,NA,NA,0.544721,0.652746,0.711421,0.767926,0.86066,0.938778,0.951542,0.977208,1.07125,1.22569,1.35488,1.43883,1.50435
simulation,149,149,1,1,1,1,1,0,0,0,0,0,0,0,3.3,3.09138,FOCE_I,NA,223.86,262.27,-20772.701059929012,626.338,1909.06,22.8395,0.727432,19.3614,0.00158623,0.0910713,0.0513862,0.011551,0.0390381,0.0486166,0.0394444,0.00240643,10.0144,32.3639,0.211828,0.0182982,0.16883,0.000202548,0.0112153,0.00586618,0.00314834,0.00235516,0.00797442,0.0096228,8.10265e-05,NA,NA,NA,NA,NA,0.498353,0.547386,0.732406,0.757951,0.841937,0.907799,0.968765,1.01172,1.07357,1.22645,1.37938,1.51368,1.5406
simulation,150,150,1,1,1,1,1,0,0,0,0,0,0,0,3.9,2.68863,FOCE_I,NA,223.13,248.36,-20793.603997714912,638.132,1957.4,22.8105,0.765662,19.3545,0.00118571,0.0855568,0.0385497,0.00333551,0.0396065,0.0306579,0.0281293,0.00251354,9.26567,30.4198,0.218068,0.0181181,0.170491,0.000205502,0.0111619,0.00467775,0.00273292,0.00235177,0.00611023,0.00743289,8.32337e-05,NA,NA,NA,NA,NA,0.56458,0.689899,0.701294,0.789885,0.843865,0.921755,0.950075,1.00346,1.07283,1.21217,1.27534,1.45691,1.51795
simulation,151,151,1,1,1,1,1,0,0,0,0,0,0,0,3.8,2.7832,FOCE_I,NA,208.07,253.96,-20738.667436161086,628.52,1910.45,22.3476,0.759223,19.2516,0.00158904,0.0880999,0.0353177,0.00396528,0.035099,0.0392763,0.040349,0.00257337,8.95208,31.4783,0.217567,0.0197401,0.161359,0.000195796,0.0114756,0.00427938,0.00246112,0.00210224,0.007506,0.00964845,8.63472e-05,NA,NA,NA,NA,NA,0.542917,0.670519,0.689456,0.75725,0.867872,0.923227,0.963466,0.995642,1.05077,1.23859,1.32344,1.46582,1.51105
simulation,152,152,1,1,1,1,1,0,0,0,0,0,0,0,4,3.24893,FOCE_I,NA,188.38,251.45,-20909.994301634350,625.196,1974.91,22.6577,0.739555,19.203,0.00135267,0.0877551,0.0367055,0.0101002,0.0374519,0.0346762,0.0447804,0.00251749,8.96601,31.3878,0.211887,0.0190193,0.163673,0.000195625,0.0106125,0.00443113,0.00274592,0.00224369,0.00667514,0.0107342,8.39871e-05,NA,NA,NA,NA,NA,0.482776,0.551342,0.726604,0.756197,0.870982,0.888869,0.967307,0.996467,1.04186,1.25445,1.40261,1.49203,1.56851
simulation,153,153,1,1,1,1,1,0,0,0,0,0,0,0,3.8,3.2322,FOCE_I,NA,198.23,247.84,-20802.910533533104,631.006,1919.13,22.8469,0.750378,19.0676,0.00145991,0.0930634,0.0320375,0.00860719,0.0385615,0.0403332,0.0400063,0.00253066,8.76635,31.3866,0.21458,0.0191519,0.16564,0.000202441,0.0115518,0.00421508,0.00274387,0.0023046,0.00752022,0.0103882,8.47922e-05,NA,NA,NA,NA,NA,0.486552,0.571452,0.707643,0.735096,0.839252,0.847112,0.946541,1.01615,1.07654,1.26702,1.39858,1.53543,1.57263
simulation,154,154,1,1,1,1,1,0,0,0,0,0,0,0,4,2.91613,FOCE_I,NA,198.18,252.62,-20662.222503505436,632.351,1903.82,23.0889,0.748788,19.0106,0.00116754,0.109438,0.0381467,0.00649621,0.0429135,0.0456967,0.0306369,0.0024259,9.19321,31.7061,0.222237,0.0178834,0.174209,0.000209578,0.0128698,0.0044991,0.00294466,0.00254156,0.00735806,0.00755811,8.08009e-05,NA,NA,NA,NA,NA,0.526123,0.658988,0.697443,0.767715,0.843675,0.900073,0.971824,0.994319,1.06728,1.23058,1.34561,1.46212,1.53425
simulation,155,155,1,1,1,1,1,0,0,0,0,0,0,0,3.4,2.76289,FOCE_I,NA,198.95,249.66,-20791.117848626331,617.759,1920.41,22.8051,0.725584,19.2433,0.00130228,0.112006,0.038312,0.00436489,0.0393709,0.0342205,0.0334591,0.00251337,9.03797,30.5575,0.221659,0.0174233,0.169258,0.000203576,0.0122993,0.00475534,0.00281075,0.00235076,0.00724089,0.00817167,8.48045e-05,NA,NA,NA,NA,NA,0.549449,0.653991,0.687534,0.751824,0.852661,0.887219,0.951823,0.97699,1.09758,1.2732,1.34441,1.45525,1.51807
simulation,156,156,1,1,1,1,1,0,0,0,0,0,0,0,3.2,2.88379,FOCE_I,NA,199.09,250,-20699.815591256280,624.613,1922.21,22.7197,0.777472,19.484,0.00113022,0.0773384,0.0415246,0.00912,0.0424246,0.037108,0.0561238,0.00239208,9.32095,30.8613,0.205405,0.0215966,0.17595,0.000203693,0.0110207,0.00484973,0.00302465,0.00252054,0.00642356,0.0122639,7.96385e-05,NA,NA,NA,NA,NA,0.527179,0.591659,0.721768,0.774863,0.869048,0.914332,0.954084,1.01449,1.0427,1.23835,1.38618,1.44508,1.52027
simulation,157,157,1,1,1,1,1,0,0,0,0,0,0,0,3,3.09568,FOCE_I,NA,184.28,245.66,-20669.086255990067,626.178,1891.33,22.8879,0.768363,19.0955,0.00127068,0.113325,0.0412314,0.00965935,0.0388509,0.0301632,0.0249667,0.00261256,9.28401,29.4991,0.223082,0.017962,0.167147,0.000199355,0.0125161,0.00471784,0.00296462,0.00232812,0.00624924,0.00670052,8.58155e-05,NA,NA,NA,NA,NA,0.506016,0.557111,0.708042,0.761162,0.851011,0.903727,0.952799,0.999082,1.01606,1.24465,1.41293,1.52095,1.56646
simulation,158,158,1,1,1,1,1,0,0,0,0,0,0,0,3.3,3.05878,FOCE_I,NA,219.82,259.78,-20800.427727036098,636.02,1934.87,22.8905,0.760794,19.3253,0.00145855,0.0894341,0.0437648,0.0099574,0.039389,0.0426248,0.0621047,0.00243954,9.80723,31.7739,0.214323,0.0217545,0.169116,0.000203067,0.0111361,0.00529291,0.00305976,0.00234257,0.00736804,0.0129805,8.25198e-05,NA,NA,NA,NA,NA,0.494916,0.571139,0.721798,0.751557,0.861656,0.884092,0.965124,1.01148,1.07071,1.25611,1.40945,1.48813,1.51384
simulation,159,159,1,1,1,1,1,0,0,0,0,0,0,0,3.4,3.11067,FOCE_I,NA,194.88,248.45,-20860.376475321395,643.973,1924.12,22.5746,0.762462,19.4524,0.00130214,0.0960892,0.0400331,0.00739795,0.0408923,0.0321574,0.0440536,0.00251086,9.54415,30.3948,0.221355,0.0198619,0.174358,0.000207542,0.0124238,0.00482205,0.00288814,0.00241027,0.0069435,0.00945494,8.40174e-05,NA,NA,NA,NA,NA,0.499264,0.613105,0.700446,0.7468,0.855547,0.907743,0.953092,0.998081,1.03543,1.27846,1.39481,1.46417,1.55305
simulation,160,160,1,1,1,1,1,0,0,0,0,0,0,0,4.6,2.72739,FOCE_I,NA,212.2,248.91,-20977.369440049264,636.462,1913.7,22.68,0.755327,19.1722,0.00161392,0.0965378,0.0381713,0.00602271,0.0359522,0.0290059,0.0543254,0.00238061,9.21537,29.1935,0.211489,0.0204911,0.159886,0.000198647,0.0107549,0.00443239,0.00267921,0.00214018,0.0054353,0.0121331,7.79657e-05,NA,NA,NA,NA,NA,0.539823,0.637085,0.716167,0.77652,0.877706,0.887284,0.95536,0.996414,1.10192,1.22219,1.38267,1.43455,1.47231
simulation,161,161,1,1,1,1,1,0,0,0,0,0,0,0,3.3,3.12549,FOCE_I,NA,202.16,254.3,-20900.759551591414,630.622,1971.69,23.1486,0.729668,19.2931,0.00141866,0.120481,0.0417916,0.00558683,0.0382623,0.0331434,0.0525829,0.00248281,9.64962,30.716,0.210188,0.0197975,0.167616,0.000201593,0.012556,0.00526263,0.00289831,0.0022869,0.00700892,0.0135631,8.42333e-05,NA,NA,NA,NA,NA,0.515373,0.603651,0.699997,0.716973,0.820369,0.860104,0.938891,1.01098,1.0883,1.27841,1.33906,1.51709,1.6108
simulation,162,162,1,1,1,1,1,0,0,0,0,0,0,0,3.1,2.84563,FOCE_I,NA,198.8,247.52,-20931.995767113123,639.313,1912.72,22.7281,0.779501,19.4244,0.00163674,0.0869241,0.0408856,0.0064801,0.0370701,0.0411429,0.0146925,0.00245953,9.19898,31.6523,0.211738,0.0162901,0.165901,0.00020429,0.011401,0.00474903,0.00269762,0.00221593,0.00727858,0.00627673,8.21353e-05,NA,NA,NA,NA,NA,0.536083,0.618504,0.681457,0.738974,0.843931,0.907265,0.954277,1.01326,1.04528,1.24565,1.4067,1.48312,1.52549
simulation,163,163,1,1,1,1,1,0,0,0,0,0,0,0,4,2.74481,FOCE_I,NA,200.64,257.37,-20889.769791809824,630.935,1911.89,22.9567,0.744407,19.1753,0.00123954,0.0991639,0.041615,0.00525025,0.0390991,0.0435903,0.0331545,0.00241597,9.40199,31.5215,0.217956,0.0179294,0.168506,0.00020265,0.0122054,0.00466113,0.00282729,0.00233146,0.00728887,0.00828807,7.98848e-05,NA,NA,NA,NA,NA,0.551657,0.672751,0.703581,0.779493,0.851691,0.935853,0.950438,0.989628,1.08392,1.22728,1.31797,1.42155,1.51419
simulation,164,164,1,1,1,1,1,0,0,0,0,0,0,0,4.4,3.00906,FOCE_I,NA,224.5,247.28,-20898.570715506503,636.935,1932,22.8725,0.723477,19.3846,0.00129788,0.105338,0.0405536,0.0100822,0.0387402,0.032841,0.0259272,0.00247106,9.31418,30.276,0.215897,0.0164206,0.168348,0.000195585,0.0117485,0.00469403,0.00278696,0.00230726,0.0060743,0.00720919,8.12602e-05,NA,NA,NA,NA,NA,0.506195,0.567862,0.719085,0.776699,0.857884,0.923975,0.965813,1.01524,1.03307,1.20644,1.40534,1.49923,1.52317
simulation,165,165,1,1,1,1,1,0,0,0,0,0,0,0,3.5,3.12976,FOCE_I,NA,189.54,259.53,-20786.364177638236,630.079,1934.71,23.1933,0.763255,18.8858,0.00160239,0.0996271,0.0448156,0.0100791,0.0381385,0.0328605,0.04128,0.00247005,9.66106,29.883,0.216566,0.0199764,0.163582,0.000201566,0.0118606,0.00526573,0.00298862,0.0022731,0.00557881,0.0114724,8.19329e-05,NA,NA,NA,NA,NA,0.495573,0.573917,0.718549,0.755439,0.844913,0.875954,0.958153,1.01334,1.05963,1.20991,1.43945,1.50416,1.55102
simulation,166,166,1,1,1,1,1,0,0,0,0,0,0,0,3.2,2.84277,FOCE_I,NA,200.61,256.62,-20895.277456359036,624.573,1899.88,22.8578,0.717328,19.2297,0.00138371,0.10591,0.0350359,0.00584376,0.0363419,0.0263784,0.0361977,0.00252455,8.91485,28.7641,0.224174,0.0175348,0.16266,0.000194959,0.011885,0.0044318,0.00266461,0.00218656,0.005511,0.00905692,8.35361e-05,NA,NA,NA,NA,NA,0.530832,0.620311,0.699902,0.746823,0.864268,0.903132,0.9457,1.01254,1.05433,1.25941,1.36931,1.48441,1.50903
simulation,167,167,1,1,1,1,1,0,0,0,0,0,0,0,3.7,2.82366,FOCE_I,NA,191.51,249,-20662.466461554599,634.629,1945.67,22.7827,0.752006,19.1614,0.00126746,0.122126,0.0371162,0.00642915,0.0412636,0.0403161,0.0397125,0.0025416,9.19743,32.1442,0.223692,0.0192848,0.172221,0.00020747,0.012718,0.00449583,0.00277893,0.00245677,0.00698214,0.00981264,8.48154e-05,NA,NA,NA,NA,NA,0.533482,0.643516,0.69956,0.761585,0.857939,0.906111,0.950285,1.00428,1.05964,1.25251,1.37592,1.44879,1.50637
simulation,168,168,1,1,1,1,1,0,0,0,0,0,0,0,3.3,2.96358,FOCE_I,NA,188.54,248.04,-20667.362876833740,637.397,1944.31,22.6597,0.772045,19.2478,0.00149346,0.0975973,0.0491466,0.00896637,0.0393538,0.0409686,0.0235777,0.0026574,10.0098,32.3211,0.221614,0.0177976,0.169897,0.00020568,0.0119972,0.0055259,0.0030066,0.00234697,0.00698001,0.00774704,8.84996e-05,NA,NA,NA,NA,NA,0.521064,0.599511,0.701332,0.766876,0.849433,0.929057,0.979777,0.980281,1.06769,1.22688,1.37462,1.45927,1.54421
simulation,169,169,1,1,1,1,1,0,0,0,0,0,0,0,3.1,3.28814,FOCE_I,NA,201.52,261.54,-20915.392583786263,628.43,1958.43,22.3767,0.728369,19.3931,0.00135722,0.0952266,0.0420304,0.0106017,0.0350151,0.0371048,0.0267643,0.00246667,9.25477,31.3357,0.207775,0.0165594,0.161063,0.000189853,0.0110234,0.00484005,0.0025456,0.00208269,0.00663432,0.00751348,8.18973e-05,NA,NA,NA,NA,NA,0.479189,0.539263,0.723264,0.752463,0.85725,0.888329,0.96281,1.00718,1.05913,1.23298,1.40356,1.51896,1.57564
simulation,170,170,1,1,1,1,1,0,0,0,0,0,0,0,3.8,3.08646,FOCE_I,NA,194.62,262.28,-20819.185682311017,644.023,1909.13,22.42,0.745041,19.437,0.00147551,0.088243,0.0500653,0.0111792,0.041208,0.0398705,0.0245824,0.00248371,10.0661,31.4684,0.219846,0.0168854,0.173964,0.000207334,0.0116191,0.00543392,0.00304832,0.00244117,0.00738609,0.00691158,8.3416e-05,NA,NA,NA,NA,NA,0.504626,0.576914,0.728791,0.753064,0.850866,0.911385,0.965817,1.00109,1.01412,1.26805,1.39118,1.47659,1.55751
simulation,171,171,1,1,1,1,1,0,0,0,0,0,0,0,3,2.85043,FOCE_I,NA,201.05,263.94,-20748.737161983445,627.514,1876.51,23.2723,0.736639,19.2245,0.00128735,0.104258,0.0336301,0.00483294,0.0372052,0.040642,0.0244851,0.00250232,8.74441,31.0962,0.236412,0.0167752,0.164905,0.00019746,0.0119872,0.00406325,0.00264793,0.00221546,0.0068784,0.00710461,8.26795e-05,NA,NA,NA,NA,NA,0.54088,0.640944,0.676838,0.764014,0.860034,0.886909,0.932063,0.9863,1.08975,1.27081,1.34523,1.46449,1.54174
simulation,172,172,1,1,1,1,1,0,0,0,0,0,0,0,3.3,3.3577,FOCE_I,NA,200.79,246.56,-20950.136884488453,636.21,1954.35,22.7083,0.753073,19.4303,0.00169692,0.0886596,0.0407756,0.0102781,0.0351739,0.0381286,0.0220999,0.00254793,9.32999,31.85,0.219533,0.0166507,0.162043,0.000195413,0.0111056,0.00473167,0.00263013,0.00209868,0.00698772,0.00659782,8.44286e-05,NA,NA,NA,NA,NA,0.468318,0.54833,0.7202,0.755666,0.845565,0.881025,0.961771,1.00155,1.0373,1.26579,1.4045,1.53751,1.57247
simulation,173,173,1,1,1,1,1,0,0,0,0,0,0,0,3.9,2.82773,FOCE_I,NA,194.41,251.43,-20737.403236901049,629.147,1908.1,22.7058,0.749198,19.1096,0.00149278,0.106848,0.037631,0.0057999,0.0396759,0.0341789,0.0565933,0.00246597,9.18302,30.2556,0.218799,0.0206158,0.168546,0.000206291,0.0122357,0.00461746,0.00278854,0.00236129,0.00655004,0.0111216,8.20944e-05,NA,NA,NA,NA,NA,0.541554,0.63745,0.705467,0.754966,0.850779,0.906242,0.944807,1.00128,1.06406,1.25142,1.36349,1.44712,1.53137
simulation,174,174,1,1,1,1,1,0,0,0,0,0,0,0,3.4,3.11256,FOCE_I,NA,212.33,260.06,-20894.707469661687,641.465,1904.02,22.6292,0.742641,19.3803,0.00149977,0.0792474,0.0339355,0.00995752,0.0385405,0.048626,0.0265496,0.0024196,8.81245,32.1393,0.215065,0.0170122,0.167449,0.000200051,0.0107642,0.00416074,0.00272213,0.00229452,0.00791145,0.00774598,8.08482e-05,NA,NA,NA,NA,NA,0.495439,0.552421,0.702078,0.753512,0.853116,0.866509,0.966797,1.00628,1.1031,1.2385,1.41261,1.50755,1.54209
simulation,175,175,1,1,1,1,1,0,0,0,0,0,0,0,3.5,3.6039,FOCE_I,NA,215.18,261.27,-20830.209472256480,613.979,1944.11,22.7716,0.76367,19.2121,0.00118643,0.0899544,0.0355551,0.0112862,0.0386425,0.0332721,0.0503232,0.00246452,8.56484,30.4918,0.212437,0.0205162,0.167021,0.000198747,0.0110392,0.00451648,0.00280033,0.00230752,0.00601296,0.0109364,8.17486e-05,NA,NA,NA,NA,NA,0.467044,0.515414,0.727851,0.751724,0.848672,0.862596,0.957044,1.00331,1.04212,1.23306,1.40659,1.50138,1.68318
simulation,176,176,1,1,1,1,1,0,0,0,0,0,0,0,3.2,3.15108,FOCE_I,NA,189.65,234.45,-20855.229453376847,630.443,1988.75,23.1696,0.74064,19.3467,0.00145107,0.0918444,0.0361382,0.0107717,0.0413539,0.0225355,0.0352134,0.00243559,8.88881,28.3107,0.208179,0.0182432,0.172888,0.00020572,0.0119208,0.00433356,0.00271605,0.00243964,0.00449354,0.00887908,7.94476e-05,NA,NA,NA,NA,NA,0.501073,0.534256,0.724661,0.776555,0.86973,0.909747,0.960675,0.999906,1.04152,1.22179,1.37541,1.50575,1.57892
simulation,177,177,1,1,1,1,1,0,0,0,0,0,0,0,3.4,3.18914,FOCE_I,NA,197.85,250.79,-20653.799143857988,616.376,1969.51,22.9386,0.744637,19.4498,0.00147228,0.0997218,0.0315281,0.00674487,0.038916,0.034226,0.0477345,0.00264705,8.59502,31.5806,0.215371,0.0196091,0.170065,0.00020397,0.0117837,0.00410858,0.00261528,0.00233093,0.00658797,0.0113077,8.77945e-05,NA,NA,NA,NA,NA,0.512128,0.599277,0.70357,0.761112,0.842636,0.861814,0.95183,1.01189,1.08515,1.22381,1.32101,1.49254,1.63325
simulation,178,178,1,1,1,1,1,0,0,0,0,0,0,0,3.8,2.76247,FOCE_I,NA,196.44,255.43,-20785.001179709765,631.799,1899.15,22.8456,0.738379,19.0964,0.00158441,0.0935147,0.0412317,0.00591466,0.0411925,0.0393749,0.0346079,0.00241525,9.38367,30.8033,0.214607,0.017959,0.171314,0.000211851,0.0121121,0.00484454,0.00289397,0.00245821,0.00654593,0.00954264,8.0194e-05,NA,NA,NA,NA,NA,0.546929,0.662778,0.702702,0.775236,0.855791,0.911031,0.958942,0.982754,1.08807,1.21386,1.35338,1.43764,1.51087
simulation,179,179,1,1,1,1,1,0,0,0,0,0,0,0,3.5,2.97112,FOCE_I,NA,192.08,253.7,-20852.654375366175,635.964,1941.61,22.6463,0.748013,19.2766,0.00152555,0.116052,0.0362144,0.00768098,0.0423469,0.0414752,0.0320072,0.00250521,9.06245,31.8207,0.220857,0.0177072,0.175469,0.000216059,0.0130778,0.00428195,0.00290255,0.00250042,0.00703992,0.00824738,8.35916e-05,NA,NA,NA,NA,NA,0.511847,0.609721,0.702585,0.768356,0.850383,0.893737,0.956913,1.00321,1.07217,1.25286,1.40754,1.44991,1.52076
simulation,180,180,1,1,1,1,1,0,0,0,0,0,0,0,3.3,2.9475,FOCE_I,NA,209.5,263.33,-20912.532692844288,641.929,1959.85,22.6952,0.741137,19.3868,0.00117412,0.117684,0.0476758,0.00774896,0.03999,0.0386295,0.0418885,0.00243174,10.0679,31.396,0.2144,0.0190173,0.171584,0.000201971,0.0123396,0.00551141,0.00301558,0.0023746,0.00698779,0.0107846,8.15345e-05,NA,NA,NA,NA,NA,0.519258,0.626903,0.715737,0.74655,0.856345,0.866844,0.947884,1.015,1.09135,1.24064,1.37206,1.47091,1.53051
simulation,181,181,1,1,1,1,1,0,0,0,0,0,0,0,3.5,3.09734,FOCE_I,NA,204.66,255.16,-20850.462386111471,635.571,1948.08,23.1297,0.722574,19.305,0.00148664,0.119712,0.0478952,0.00913407,0.0390254,0.0352109,0.0279418,0.0025779,9.98024,31.1206,0.225483,0.0169016,0.169059,0.00020562,0.0124926,0.00553305,0.00304607,0.00232899,0.00676674,0.00897416,8.62301e-05,NA,NA,NA,NA,NA,0.503062,0.580045,0.710376,0.726167,0.85349,0.86227,0.959295,0.997534,1.09129,1.24005,1.43137,1.4869,1.55815
simulation,182,182,1,1,1,1,1,0,0,0,0,0,0,0,3.3,2.80895,FOCE_I,NA,207.14,257.98,-20888.226280985167,620.92,1925.28,22.9745,0.729709,19.4058,0.00163276,0.089887,0.0349252,0.0049424,0.040438,0.0434407,0.0504085,0.002441,8.95524,32.0228,0.22549,0.0193223,0.171829,0.000210243,0.0115314,0.00435564,0.00277697,0.00240441,0.00688395,0.0108402,8.13774e-05,NA,NA,NA,NA,NA,0.536155,0.676151,0.702417,0.786924,0.851756,0.888617,0.955865,0.985834,1.11245,1.23724,1.29339,1.46717,1.50604
simulation,183,183,1,1,1,1,1,0,0,0,0,0,0,0,3.4,3.12693,FOCE_I,NA,190.92,241.21,-20800.974292097046,621.611,1924.55,22.4516,0.734523,19.4136,0.00109671,0.0875663,0.0388897,0.0100454,0.0424845,0.0351453,0.0376573,0.00247115,9.04869,30.485,0.20447,0.018145,0.177079,0.000204696,0.0121543,0.00468402,0.00290394,0.00251327,0.00628689,0.00965194,8.20441e-05,NA,NA,NA,NA,NA,0.491604,0.580695,0.720027,0.764078,0.8501,0.890655,0.956331,0.983169,1.07781,1.24353,1.38712,1.51766,1.53721
simulation,184,184,1,1,1,1,1,0,0,0,0,0,0,0,4.1,2.69881,FOCE_I,NA,199.93,255.71,-20982.820548334097,633.344,1970.2,22.7572,0.757859,19.158,0.00167107,0.101995,0.0344257,0.00217667,0.0392911,0.0471858,0.041984,0.00230113,8.78031,32.5665,0.215597,0.0191677,0.168819,0.000208008,0.0124863,0.00404784,0.0026295,0.00234136,0.00775021,0.00937428,7.76511e-05,NA,NA,NA,NA,NA,0.562848,0.667642,0.716329,0.805654,0.857088,0.899721,0.943514,0.990392,1.0691,1.25674,1.27659,1.43537,1.51902
simulation,185,185,1,1,1,1,1,0,0,0,0,0,0,0,3.8,3.53999,FOCE_I,NA,193.33,247.42,-20903.422022875253,630.688,1903.8,22.5583,0.746503,19.3805,0.00156347,0.0855398,0.0425754,0.0132056,0.0376611,0.037424,0.0292268,0.00247555,9.23509,31.0196,0.219089,0.0174358,0.165986,0.00019675,0.0107399,0.00497355,0.00298016,0.00224789,0.0065501,0.00760805,8.21359e-05,NA,NA,NA,NA,NA,0.459806,0.513772,0.729036,0.772761,0.851668,0.904141,0.963255,0.991985,1.03389,1.22228,1.4035,1.52619,1.62771
simulation,186,186,1,1,1,1,1,0,0,0,0,0,0,0,3.1,3.32567,FOCE_I,NA,191.86,250.28,-20819.172400271196,619.665,1928.46,22.6938,0.756779,18.8986,0.00158217,0.130448,0.0402097,0.0104546,0.0374248,0.0313544,0.0330077,0.00255412,9.07096,30.0885,0.215181,0.0183764,0.16234,0.000199919,0.012593,0.00475462,0.00278454,0.00223836,0.00699481,0.00908503,8.597e-05,NA,NA,NA,NA,NA,0.478771,0.537388,0.699749,0.734118,0.850116,0.87411,0.972441,0.998204,1.05462,1.2782,1.42444,1.50561,1.59223
simulation,187,187,1,1,1,1,1,0,0,0,0,0,0,0,3.1,3.65987,FOCE_I,NA,197.81,242.59,-20721.992431297185,642.068,1929.45,22.9291,0.790626,19.1584,0.00150767,0.109247,0.0387139,0.0146336,0.0417441,0.0257454,0.0387767,0.00264111,9.24583,29.3543,0.228532,0.0206229,0.172594,0.000205005,0.0125185,0.00433786,0.00295436,0.0024744,0.00523243,0.00865543,8.59315e-05,NA,NA,NA,NA,NA,0.453145,0.493624,0.71306,0.787069,0.850969,0.880418,0.976702,0.99903,1.00272,1.22275,1.438,1.52406,1.65845
simulation,188,188,1,1,1,1,1,0,0,0,0,0,0,0,3.9,2.80618,FOCE_I,NA,194.85,249.58,-20840.947462828175,650.313,1917.22,22.9474,0.761231,19.0162,0.00177879,0.115458,0.0377312,0.00560014,0.0388293,0.0335092,0.047999,0.0024742,9.48586,30.1237,0.229748,0.0202509,0.165983,0.000207648,0.0125711,0.00470167,0.00269263,0.00229542,0.00644139,0.0108942,8.26255e-05,NA,NA,NA,NA,NA,0.537895,0.639913,0.705012,0.769812,0.85934,0.895786,0.94617,0.990966,1.09725,1.24469,1.35792,1.44582,1.50943
simulation,189,189,1,1,1,1,1,0,0,0,0,0,0,0,3.4,3.64631,FOCE_I,NA,214.78,254.9,-20908.655029680889,628.711,1919.55,23.0447,0.744664,19.341,0.00157193,0.10308,0.0374159,0.0130952,0.0414501,0.039847,0.0201222,0.00255933,8.9204,31.2893,0.224422,0.0162046,0.173615,0.000205881,0.0121484,0.00433043,0.00270821,0.00244222,0.00702167,0.00653585,8.52252e-05,NA,NA,NA,NA,NA,0.448497,0.517917,0.713934,0.738951,0.848749,0.89358,0.981777,0.991939,1.03212,1.24649,1.41097,1.53971,1.63536
simulation,190,190,1,1,1,1,1,0,0,0,0,0,0,0,3.2,2.93904,FOCE_I,NA,187.56,249.52,-20807.356887487473,643.8,1911.42,22.7988,0.790163,19.3702,0.00140965,0.104113,0.0447905,0.00771433,0.0394262,0.0277662,0.0304983,0.0025763,9.73198,30.0599,0.229712,0.0192966,0.170516,0.000208034,0.012267,0.00518137,0.0030861,0.00236191,0.00599449,0.00890363,8.5317e-05,NA,NA,NA,NA,NA,0.522134,0.604038,0.714368,0.724743,0.831884,0.859074,0.942382,0.99365,1.07507,1.32665,1.41206,1.45937,1.53457
simulation,191,191,1,1,1,1,1,0,0,0,0,0,0,0,3.5,2.86683,FOCE_I,NA,207.18,250.99,-20806.853571228068,647.055,1936.81,22.7084,0.753661,19.1694,0.00137565,0.0821401,0.0375326,0.00713821,0.0402869,0.0434027,0.0278007,0.00246756,9.34171,32.1534,0.218917,0.017517,0.171018,0.000205668,0.0120753,0.00455959,0.00268084,0.00238987,0.0075699,0.00750504,8.30555e-05,NA,NA,NA,NA,NA,0.526801,0.645631,0.705479,0.763769,0.863449,0.878167,0.957967,0.994401,1.10621,1.27979,1.34752,1.42056,1.51025
simulation,192,192,1,1,1,1,1,0,0,0,0,0,0,0,3.2,2.9893,FOCE_I,NA,192.86,247.07,-20922.629456787548,623.702,1894.35,22.4966,0.749708,19.4537,0.00171101,0.088107,0.03502,0.00901852,0.0427188,0.024938,0.0464934,0.00237164,8.70217,28.2387,0.211133,0.0193098,0.175394,0.000211862,0.0114702,0.00431315,0.0028167,0.00252154,0.0052853,0.0103807,7.82346e-05,NA,NA,NA,NA,NA,0.510793,0.576513,0.721063,0.757431,0.865229,0.880956,0.960831,0.996614,1.0484,1.24435,1.42932,1.48158,1.52691
simulation,193,193,1,1,1,1,1,0,0,0,0,0,0,0,3.5,2.75765,FOCE_I,NA,199.12,249.76,-20859.610149037231,620.253,1899.41,22.739,0.748898,19.2953,0.00134723,0.0939023,0.0409609,0.00479707,0.0371222,0.0317983,0.0534677,0.00240947,9.20994,29.3741,0.214881,0.0202304,0.164442,0.000196778,0.0114719,0.00495975,0.00268173,0.00220952,0.00607088,0.0121732,7.99927e-05,NA,NA,NA,NA,NA,0.545128,0.64952,0.708811,0.764872,0.874197,0.878059,0.946799,0.986816,1.09722,1.23583,1.3452,1.46428,1.50327
simulation,194,194,1,1,1,1,1,0,0,0,0,0,0,0,3.5,2.87722,FOCE_I,NA,201.52,249.02,-20959.168337590545,650.866,1911.91,22.6971,0.76967,19.5959,0.0014028,0.104213,0.0393454,0.00712489,0.0373829,0.0407158,0.0469313,0.00248809,9.55408,31.9955,0.220726,0.0206483,0.168043,0.000197767,0.011809,0.00475274,0.00275753,0.00222864,0.00730689,0.0109095,8.33772e-05,NA,NA,NA,NA,NA,0.523798,0.602062,0.708465,0.748856,0.862703,0.888556,0.957838,1.00174,1.05983,1.25306,1.42556,1.46045,1.50708
simulation,195,195,1,1,1,1,1,0,0,0,0,0,0,0,3.5,2.74357,FOCE_I,NA,205.3,258.11,-20930.295615618845,617.366,1904.71,22.6534,0.745595,19.3772,0.00140325,0.0930605,0.0367983,0.00369013,0.0363695,0.0411379,0.0422418,0.00244851,8.88891,31.5569,0.211407,0.019135,0.164291,0.000197318,0.0117111,0.00447427,0.00256364,0.00216079,0.00657226,0.00966589,8.0705e-05,NA,NA,NA,NA,NA,0.542891,0.682756,0.706402,0.791075,0.883629,0.899679,0.94092,1.00302,1.08622,1.19349,1.30662,1.47384,1.48946
simulation,196,196,1,1,1,1,1,0,0,0,0,0,0,0,3.4,3.04816,FOCE_I,NA,199.19,251.25,-20670.214816308195,612.668,1857.17,22.7864,0.729366,19.3465,0.00146026,0.0883052,0.0463403,0.0106448,0.0389278,0.0379797,0.0241762,0.00265663,9.37107,30.7317,0.227384,0.0164509,0.168888,0.000202564,0.0114009,0.00522011,0.00297617,0.00233357,0.00707548,0.0073675,8.81276e-05,NA,NA,NA,NA,NA,0.505132,0.563446,0.722948,0.744241,0.854002,0.921646,0.966116,0.995859,1.04489,1.2328,1.41121,1.49798,1.53972
simulation,197,197,1,1,1,1,1,0,0,0,0,0,0,0,3.3,2.77508,FOCE_I,NA,194.22,246.66,-20984.584193314677,636.298,1897.64,22.5979,0.777957,19.4362,0.00164763,0.107316,0.0396296,0.00647255,0.035413,0.0252861,0.0354928,0.00244668,9.17002,28.42,0.208102,0.0193236,0.161961,0.000196508,0.0115814,0.00459605,0.00253942,0.00210117,0.00484384,0.00874192,7.94102e-05,NA,NA,NA,NA,NA,0.542304,0.636657,0.720318,0.798645,0.859693,0.921101,0.965993,0.998798,1.0617,1.18241,1.40046,1.40698,1.50494
simulation,198,198,1,1,1,1,1,0,0,0,0,0,0,0,3.2,3.09306,FOCE_I,NA,189.85,235.93,-20861.882797960036,632.95,1878.34,22.9206,0.745203,19.2898,0.00139244,0.102056,0.0353236,0.00743888,0.0365643,0.0373448,0.031338,0.00266714,9.05492,31.0435,0.23344,0.0180908,0.163563,0.000196163,0.0114902,0.00431636,0.0025047,0.00217194,0.0070399,0.00769383,8.81516e-05,NA,NA,NA,NA,NA,0.498075,0.605496,0.704012,0.766425,0.855627,0.913277,0.950002,1.0019,1.03897,1.24384,1.4358,1.446,1.54057
simulation,199,199,1,1,1,1,1,0,0,0,0,0,0,0,3.3,2.6193,FOCE_I,NA,194.94,232.66,-20878.337041240946,630.424,1931.59,22.716,0.756639,19.215,0.00137027,0.0940097,0.0410449,0.00414004,0.0382792,0.0326935,0.0264662,0.00245957,9.20412,29.8933,0.21146,0.017635,0.165324,0.000199446,0.0112864,0.00476612,0.00283021,0.00227858,0.00611626,0.00932472,8.15001e-05,NA,NA,NA,NA,NA,0.564742,0.685022,0.691159,0.767674,0.892412,0.904535,0.954004,1.00849,1.06229,1.24429,1.28315,1.46301,1.47923
simulation,200,200,1,1,1,1,1,0,0,0,0,0,0,0,3.4,3.07157,FOCE_I,NA,188.88,227.62,-20888.215120676097,633.12,1937.37,22.5606,0.736198,19.3261,0.00115294,0.0964933,0.0380499,0.00862126,0.0364628,0.0294283,0.0276087,0.00247619,9.07277,29.7473,0.212101,0.0168216,0.163717,0.000190826,0.0113642,0.00454776,0.00256386,0.00215899,0.0063205,0.0073598,8.30263e-05,NA,NA,NA,NA,NA,0.503866,0.588983,0.71369,0.726478,0.844707,0.884508,0.963523,1.01754,1.04857,1.28954,1.39957,1.47136,1.54766
